class,neck_inclination,left_hip_angle,left_bicep_angle,right_hip_angle,right_bicep_angle,y1,x1,s1,y2,x2,s2,y3,x3,s3,y4,x4,s4,y5,x5,s5,y6,x6,s6,y7,x7,s7,y8,x8,s8,y9,x9,s9,y10,x10,s10,y11,x11,s11,y12,x12,s12,y13,x13,s13,y14,x14,s14,y15,x15,s15,y16,x16,s16,y17,x17,s17
straight,7.150746506657022,56.60407259545679,67.25134713407702,50.44084456770661,120.48914414899119,0.29891542,0.5495517,0.5023078,0.26351738,0.54913265,0.50556076,0.26099026,0.5563517,0.48598593,0.24202564,0.574758,0.53064126,0.24161553,0.6124031,0.46634158,0.39556906,0.59412193,0.72649246,0.4036526,0.6774642,0.62465656,0.6811191,0.48013124,0.7835138,0.6246212,0.64042515,0.2094859,0.6134672,0.41131315,0.5324544,0.6570711,0.5557738,0.10605671,0.8934909,0.62583953,0.36487514,0.8731562,0.6883849,0.3227952,0.79304945,0.45011136,0.2708428,0.72711027,0.5029714,0.11214707,0.91060436,0.47893587,0.12688784,0.8948784,0.50016403,0.22932659
straight,6.523201980132809,58.46150838929591,57.167385617064426,61.83795776397835,109.00961789019408,0.29889363,0.5509363,0.45617598,0.2610548,0.5506949,0.43922272,0.2597047,0.55675876,0.4982134,0.23792225,0.57582736,0.51705766,0.23908536,0.6119928,0.44759133,0.3988529,0.59432536,0.7180205,0.40909612,0.6809029,0.62367326,0.7010566,0.4774569,0.8282514,0.64441633,0.6391657,0.21800953,0.61054784,0.4116384,0.45731485,0.65774703,0.5545407,0.087748855,0.8931856,0.6270444,0.3494039,0.8769375,0.6993906,0.3234159,0.7995219,0.44903183,0.23503202,0.80212736,0.5453188,0.11230712,0.9339859,0.45640564,0.13628678,0.9068281,0.4998744,0.23102587
straight,5.181205983522138,60.745107006208805,57.715378524363715,54.06624750744685,122.91610160639348,0.295444,0.5485038,0.4893992,0.26115695,0.5515964,0.4628709,0.25793916,0.55728006,0.47291294,0.24307713,0.581255,0.58714056,0.23854563,0.6141533,0.46100616,0.40648028,0.59614915,0.6795534,0.4104967,0.6785656,0.60299194,0.70041037,0.4777142,0.73567075,0.6277041,0.6357675,0.24064253,0.60493404,0.40893275,0.5097457,0.65962136,0.555845,0.07823436,0.88525665,0.6274411,0.3984283,0.86902845,0.68818325,0.37316406,0.79861283,0.44591472,0.22031271,0.7407112,0.5030917,0.054383006,0.93194854,0.45416632,0.098280095,0.91246337,0.4888216,0.14065781
straight,4.864892964120569,63.05629958736855,56.50268526741712,57.033431947062134,98.44404926214904,0.29103,0.55237573,0.5658107,0.25050408,0.5544976,0.5498753,0.24672501,0.56023574,0.482359,0.2381778,0.5832729,0.54534566,0.23311421,0.61373156,0.4486917,0.4072555,0.59773856,0.699603,0.41119045,0.6774035,0.62408406,0.70224404,0.4795207,0.76803446,0.64175355,0.63736075,0.2631281,0.6094136,0.41532803,0.5687455,0.63971376,0.5543988,0.08194261,0.88586164,0.6193601,0.3549474,0.854474,0.6742534,0.3755826,0.80529946,0.44140744,0.28761038,0.74031967,0.50095636,0.071247205,0.93557787,0.4549124,0.11780116,0.91383874,0.48881903,0.16074127
straight,3.26579701087775,66.30210110360699,58.008236545406355,53.42384089525047,100.51369903350046,0.28647053,0.55281115,0.5627985,0.25007617,0.5561651,0.5928821,0.24527982,0.56156045,0.52926373,0.2371473,0.58630955,0.50795406,0.23278557,0.6163857,0.44918004,0.40352294,0.5958524,0.67185557,0.41193303,0.675636,0.5882513,0.7033614,0.4797217,0.86399674,0.6240294,0.6217053,0.28998527,0.6109702,0.4105129,0.3466305,0.6176959,0.52514786,0.08394977,0.86720574,0.6173727,0.34549156,0.8506646,0.6718628,0.3605432,0.80059737,0.44421893,0.33805272,0.7219665,0.50150126,0.062249493,0.93147296,0.4545084,0.11030784,0.9076568,0.4881165,0.13792616
straight,2.72691783243036,66.6718602245148,67.80667566454491,51.26267341921006,118.90798267688993,0.2908525,0.5549907,0.5834239,0.25008193,0.55804425,0.57549846,0.24679884,0.56242436,0.48008165,0.23883566,0.59040767,0.59739816,0.2349748,0.61678374,0.469645,0.4002846,0.5981374,0.6519632,0.41042918,0.67418575,0.58382946,0.6831553,0.4861074,0.8682525,0.6191547,0.63178676,0.25369963,0.6094408,0.4092365,0.35463652,0.6421807,0.5584255,0.096199006,0.8635614,0.61616415,0.3200349,0.84297895,0.65941733,0.31635606,0.7977556,0.44562265,0.28604367,0.71072644,0.5056205,0.071529776,0.93551797,0.4476905,0.11184801,0.90748334,0.4869196,0.13689208
straight,3.4685358478344175,60.41606947313261,59.943331590108514,48.27825641231884,91.09017582809307,0.28510112,0.55847836,0.5438138,0.24598783,0.56103045,0.42868638,0.24191557,0.5655105,0.52516156,0.23605733,0.591746,0.5436228,0.22991908,0.61831766,0.39472154,0.4043494,0.6019994,0.68001413,0.41497552,0.68000406,0.57020426,0.7014233,0.48090336,0.8793636,0.6416049,0.6359684,0.25514078,0.60808593,0.40859196,0.3700165,0.6230345,0.5296279,0.0864922,0.88659877,0.6284304,0.4167196,0.8530024,0.6745438,0.38721824,0.79451716,0.4433132,0.22696202,0.72984356,0.53983736,0.079794556,0.932379,0.44806558,0.07525404,0.9071564,0.49083135,0.12833562
straight,2.5498275343396384,58.249560789161244,58.709724293923344,49.764266519092665,93.2727969283165,0.27787605,0.5592167,0.604342,0.24351102,0.5628317,0.5052457,0.24022192,0.5670773,0.5707703,0.23558462,0.5938092,0.5600168,0.22802511,0.6194473,0.39122176,0.40809962,0.60153157,0.6183297,0.4174082,0.6816744,0.49481437,0.70271957,0.480118,0.88320297,0.6427274,0.6258647,0.22584632,0.6104945,0.4123396,0.37071016,0.6243256,0.5279036,0.087084875,0.9006487,0.630362,0.44742662,0.8691181,0.6748511,0.44107747,0.79807204,0.4406548,0.21828847,0.713272,0.49620858,0.07876835,0.9395504,0.44874454,0.08712258,0.91352725,0.4905164,0.08959645
straight,1.9413215011937104,61.217578511855265,60.3084052012457,48.53535156286729,102.98421260723991,0.2760599,0.5604536,0.58135045,0.24189189,0.5645973,0.5669793,0.23825477,0.5691382,0.5939158,0.2348814,0.59603846,0.51919687,0.22574395,0.6179561,0.41028455,0.40784317,0.6019315,0.59017015,0.4161662,0.68054914,0.5534034,0.70084465,0.48146296,0.87641156,0.6251373,0.6242897,0.24544531,0.6098881,0.41050664,0.37507135,0.6216331,0.52797896,0.07650373,0.88815093,0.61784977,0.46869317,0.87111825,0.6731726,0.48482805,0.79837936,0.4407796,0.20572011,0.7089287,0.49551225,0.09034547,0.9359393,0.44863096,0.08000574,0.89613235,0.4904689,0.08846895
straight,1.9299996803742012,55.84841461663243,62.67908189988708,49.21873931008374,94.719021183175,0.274319,0.56134105,0.5315371,0.23982827,0.5654552,0.5959247,0.23623174,0.5700795,0.56162465,0.23354225,0.59575117,0.49919328,0.2229054,0.61954707,0.39743748,0.40768987,0.60165006,0.6194657,0.41666746,0.6802351,0.56098646,0.7014739,0.48313245,0.8917485,0.6419086,0.62547135,0.22242078,0.59784925,0.39397264,0.33594996,0.62692785,0.53031033,0.07794929,0.90450096,0.61991554,0.41681227,0.8712071,0.6746837,0.40465882,0.7922225,0.4405532,0.17894872,0.7175173,0.50085276,0.09052315,0.94101995,0.4464377,0.06862843,0.90788305,0.49300036,0.07993675
straight,2.041804663291896,57.461315977806755,62.99781267750573,49.82273293838797,97.66824222527315,0.26992798,0.5611558,0.5253881,0.2348851,0.5663232,0.52958375,0.22559135,0.56983554,0.5235211,0.2282382,0.5968412,0.5236421,0.22167668,0.61725396,0.4147104,0.40522343,0.6031839,0.65453553,0.4134912,0.68187463,0.4641382,0.70111656,0.48386094,0.88526934,0.6468363,0.63651156,0.23205936,0.59766036,0.39381564,0.28360683,0.6407527,0.53205055,0.07989825,0.90566695,0.62089586,0.43391085,0.8715837,0.67684305,0.3521169,0.7990865,0.4400426,0.15791677,0.72100043,0.50243104,0.07121317,0.93450975,0.44770813,0.07632235,0.90730417,0.49327168,0.12627245
straight,1.254634712584374,62.550845098220094,62.79616500263944,48.09965379571217,100.73921503179241,0.27085775,0.56024307,0.54166514,0.23533796,0.565841,0.5626316,0.22576551,0.56859946,0.5190679,0.22998677,0.5977873,0.51402515,0.22438142,0.61579907,0.38340902,0.4035605,0.6016089,0.70127636,0.41087478,0.6800369,0.5475644,0.7018387,0.48380843,0.85432446,0.64249337,0.636109,0.24059018,0.5981275,0.39287096,0.36306036,0.64249384,0.5305348,0.07807635,0.8884109,0.6217209,0.39112094,0.86967635,0.6747399,0.405267,0.8031095,0.4394053,0.18736127,0.7104292,0.50132805,0.122724965,0.9415451,0.44334635,0.118749045,0.90040296,0.49017987,0.15379836
straight,1.1451882835973706,58.22652256109079,62.68904714588613,50.28968565118507,113.72255770052959,0.2740053,0.56103915,0.5069721,0.23765662,0.5671221,0.5700534,0.23446481,0.5696876,0.53172505,0.22743335,0.60028714,0.5137825,0.2241328,0.61783713,0.4011594,0.40010008,0.60375684,0.6883004,0.41349053,0.68393755,0.4611462,0.7003646,0.48200735,0.83471626,0.64422786,0.63737476,0.22238706,0.59792376,0.39414984,0.40224963,0.66174614,0.55711955,0.07873294,0.90759563,0.621694,0.4250536,0.87312376,0.67905575,0.36254895,0.8035154,0.4395856,0.18317246,0.7208161,0.4995803,0.13201995,0.94201887,0.44391832,0.14666073,0.896989,0.48802337,0.15319507
straight,1.3135528031487833,57.37640306604516,62.619269933325285,50.18846224768547,99.49426597911938,0.27139235,0.5617063,0.503514,0.2287359,0.56686896,0.5477858,0.22507486,0.57059085,0.5304858,0.22760323,0.5985722,0.545512,0.22175571,0.61660516,0.43419018,0.40056404,0.6025586,0.68374634,0.40798408,0.68567985,0.41190407,0.7014527,0.48255453,0.8647993,0.6452054,0.6387462,0.18457763,0.6090162,0.40255252,0.40394107,0.6419483,0.5288117,0.08244804,0.9123325,0.6246958,0.41091284,0.87592876,0.6824566,0.30343258,0.80724114,0.44374415,0.20408767,0.7215738,0.49984223,0.13238086,0.94300175,0.446568,0.14745833,0.91129273,0.48976526,0.18460654
straight,1.2404452694808248,56.51762289113194,63.497700562480624,49.50460321741629,105.80292603714312,0.2732164,0.5614884,0.53662646,0.23713207,0.56761956,0.594427,0.23411101,0.5703065,0.56352234,0.22954533,0.5992018,0.5175263,0.2232303,0.6164807,0.44224972,0.40236637,0.6029636,0.6851623,0.41206038,0.68211204,0.5250437,0.69988817,0.4811624,0.80325806,0.6406255,0.62347925,0.2412571,0.59794176,0.39180753,0.38736057,0.643006,0.5271293,0.08094529,0.90797734,0.6201878,0.4292998,0.8752357,0.6751166,0.41992152,0.79995406,0.4441257,0.15827651,0.721601,0.500611,0.11463532,0.9394618,0.44591275,0.11882386,0.90801066,0.48496038,0.18133597
straight,1.228914768974806,56.778433664588874,71.77404568546017,46.58880229092701,101.29219716490934,0.27344248,0.56138057,0.5442864,0.23735891,0.5673399,0.5616296,0.23435652,0.570298,0.5402204,0.22829044,0.59872586,0.5531953,0.22097036,0.6163239,0.4357453,0.3996049,0.6024196,0.67145514,0.4066369,0.6839206,0.46874037,0.68281317,0.48451748,0.77769226,0.6407001,0.6368635,0.2368026,0.5965044,0.38462776,0.38277948,0.6405571,0.5280022,0.08522615,0.91310346,0.62893915,0.4128109,0.892941,0.6768882,0.41209933,0.8044969,0.4428216,0.19230995,0.7215626,0.50090003,0.109087825,0.9435231,0.44578066,0.12954305,0.9101161,0.4868345,0.18703414
straight,0.9908688975664492,56.00337794852168,69.68851572428848,46.34057272592124,104.39591708603317,0.2721996,0.56238455,0.5039152,0.23687707,0.5678677,0.5513718,0.2338432,0.57111186,0.5199452,0.22553742,0.5998008,0.55663806,0.22082345,0.6170288,0.44275007,0.39798832,0.60279906,0.69612837,0.40704212,0.6851472,0.48711488,0.6826706,0.48349306,0.8070459,0.64125645,0.6244571,0.24153686,0.5958684,0.39056954,0.41380423,0.6410347,0.5276117,0.08868433,0.9159268,0.62747866,0.41778663,0.8950374,0.67551,0.44263637,0.8033948,0.44216704,0.19308388,0.7219836,0.5011878,0.12967636,0.94656223,0.4457767,0.15636651,0.9053418,0.4945054,0.21945922
straight,1.1528007096705923,53.05343290637151,61.62622872989713,46.21782739634694,111.60175664248396,0.2745068,0.5615935,0.5098295,0.2379818,0.5671072,0.54207605,0.23477899,0.5705589,0.52275604,0.2294824,0.5979847,0.5404887,0.22179966,0.61668134,0.44136366,0.39745414,0.6013827,0.6790732,0.40629312,0.6857573,0.442674,0.70085716,0.4817495,0.8601075,0.6436432,0.63819575,0.21666816,0.59687054,0.39416388,0.45979246,0.65876585,0.55473775,0.090377085,0.93147814,0.63004524,0.46569163,0.89535373,0.6767125,0.43072027,0.80481744,0.44137144,0.23271038,0.7216157,0.5020117,0.13714276,0.93843484,0.44779488,0.12576225,0.9127184,0.48963147,0.22828041
straight,1.4107604422376818,51.960117695738404,62.2650153418334,46.27041302276687,107.91788045325924,0.27281308,0.5622677,0.52297074,0.2364556,0.5674707,0.5286956,0.23353164,0.5708577,0.5086792,0.22840624,0.59841555,0.54475486,0.22171539,0.6164495,0.44643718,0.39794755,0.6026129,0.6858799,0.40341228,0.6883718,0.36090904,0.6995218,0.4823707,0.82128745,0.6500069,0.63920206,0.19375995,0.5956509,0.3935716,0.35473055,0.6596245,0.55660087,0.0842703,0.933962,0.62022066,0.43624735,0.89874125,0.68014437,0.36344367,0.8024162,0.44021222,0.20085953,0.7227244,0.5021576,0.09622924,0.93513435,0.44603187,0.11748538,0.9084827,0.49133095,0.19211775
straight,0.3030509925672623,52.29147066294323,61.228588776797324,46.072754178375874,104.00702341753666,0.2736872,0.5620317,0.5345648,0.23850094,0.5680389,0.57756805,0.2350505,0.57133317,0.5613192,0.22848883,0.599606,0.5573032,0.22387365,0.61687446,0.44272184,0.39724898,0.6005018,0.6682877,0.401923,0.6843244,0.45254293,0.7009706,0.4806727,0.80739856,0.6434498,0.6271996,0.19625394,0.5945617,0.39233795,0.37589493,0.64466953,0.52739847,0.084333055,0.92915225,0.6204862,0.46300557,0.8945756,0.6748649,0.48106283,0.80175185,0.44225183,0.20788929,0.72092575,0.50138015,0.15907095,0.9385933,0.4467596,0.12124242,0.91072917,0.49103114,0.19474845
straight,1.5626172738214534,54.644300077283376,62.391817803774686,47.05945696625425,108.05396514228258,0.273524,0.5612137,0.54804856,0.23776832,0.5659371,0.6146778,0.23459153,0.56981415,0.60201335,0.23013578,0.5976795,0.5361104,0.2230014,0.617133,0.42919263,0.39684463,0.6022506,0.68133265,0.40008911,0.6878694,0.3525933,0.7003577,0.48171017,0.82634854,0.6475314,0.6412896,0.17028147,0.5962917,0.39210042,0.39338067,0.65824455,0.55872464,0.093640484,0.91721594,0.62896556,0.4431488,0.89498436,0.68785644,0.37699848,0.80024695,0.44477138,0.24136828,0.7232809,0.50335324,0.11929212,0.9370023,0.44789448,0.11559466,0.9150708,0.49121046,0.20460759
straight,0.7663747285070689,52.61426540311803,61.01629966720416,39.72403187314649,110.2687222825509,0.2758546,0.56136245,0.5173801,0.23957613,0.56641227,0.66550803,0.23649107,0.56982976,0.65648353,0.2290322,0.59965587,0.53398895,0.22393171,0.6160919,0.4149184,0.40040523,0.6019602,0.69324964,0.40340036,0.6878607,0.35927072,0.70105946,0.4807081,0.8605672,0.6452087,0.64061314,0.18003413,0.5946131,0.3943483,0.49228957,0.6586951,0.55746394,0.09228489,0.9314792,0.6325867,0.5312843,0.9112846,0.69794226,0.4445659,0.8042848,0.44461676,0.17657226,0.72908866,0.54033494,0.1346721,0.9335599,0.44618616,0.091544,0.90390193,0.5037278,0.1840319
straight,0.8271405205723865,52.625323479384285,62.71526824210981,45.904055336065724,110.56381377545213,0.2729853,0.56161493,0.5358067,0.23762822,0.5669622,0.6267384,0.2346645,0.5704898,0.5944622,0.22795467,0.60106397,0.5718357,0.22288117,0.6172276,0.40672022,0.40169632,0.6035854,0.7125137,0.40743935,0.6878205,0.4173405,0.70130885,0.48237514,0.8259695,0.6471032,0.6391566,0.21223648,0.5977203,0.39330912,0.44795603,0.66039395,0.55604875,0.093748115,0.9328007,0.6317415,0.4446843,0.89788884,0.6756599,0.4692647,0.8039563,0.4431458,0.16207059,0.72195244,0.50286597,0.12435845,0.9342723,0.44513845,0.1127199,0.9084954,0.48814535,0.18887293
straight,0.6803031033128875,53.15537347973395,60.88503709173485,45.22230683425008,98.96775401675977,0.27268764,0.5617556,0.52866435,0.23685256,0.5667271,0.6032239,0.23372626,0.5704623,0.57128024,0.22639072,0.60111755,0.5864383,0.22069953,0.61836404,0.44046545,0.3986889,0.6031736,0.69265455,0.39997697,0.6908209,0.30812883,0.7006873,0.48266372,0.86027306,0.6646235,0.6424863,0.15139022,0.60308874,0.40325984,0.45422915,0.6625895,0.55821055,0.09896699,0.93108463,0.63364786,0.53550124,0.91096944,0.700163,0.3855144,0.8047273,0.44323847,0.20648918,0.72042763,0.5009835,0.13724802,0.93291926,0.44570538,0.11340407,0.9035196,0.492903,0.19229981
straight,0.019938641737419657,53.40673810156876,59.73061217859764,45.79891823417172,107.82635591838107,0.27371705,0.56169677,0.52342874,0.23748265,0.5672758,0.61908287,0.23456731,0.57035494,0.5853451,0.22821085,0.60170865,0.5662668,0.22415307,0.61799777,0.3999321,0.4004545,0.6016484,0.68616235,0.40680966,0.69670916,0.38976365,0.70070124,0.48274237,0.8620871,0.64800364,0.65498453,0.15464105,0.60005814,0.40375525,0.4908312,0.66176105,0.55724126,0.09361438,0.92949545,0.6303125,0.5015476,0.90888643,0.6880855,0.40062,0.8069514,0.44511205,0.19755474,0.72118986,0.50159776,0.13729884,0.93763036,0.4451211,0.12907836,0.9095463,0.49084935,0.18577944
straight,0.50319191451317,56.14550052477131,58.25942358232274,46.616143538174576,110.4949654686184,0.27119833,0.56042403,0.54926354,0.23506781,0.56637496,0.57393056,0.23213616,0.56941843,0.5398242,0.22696106,0.60037774,0.5743167,0.2222389,0.616774,0.42805207,0.4003992,0.59884566,0.6804414,0.40204713,0.686509,0.40215927,0.7003903,0.48254523,0.86190754,0.64665365,0.6408708,0.16436873,0.59735155,0.4047049,0.38335168,0.66133446,0.55698144,0.09278798,0.91384405,0.6300561,0.48513916,0.89353365,0.6749526,0.4851731,0.806116,0.44626155,0.19842605,0.7221105,0.5019111,0.13326792,0.9381857,0.44610175,0.104317054,0.9062213,0.48918396,0.15905593
straight,0.6399990664690769,52.442103654898695,58.24818792113807,44.81428499361185,102.02457467131882,0.27166784,0.56080914,0.51013535,0.22927672,0.5659739,0.53985196,0.22601664,0.56976396,0.5421349,0.22533482,0.59981143,0.5357345,0.22129878,0.6168944,0.42143556,0.39867526,0.6017586,0.6612882,0.4068688,0.69234747,0.43104637,0.7016648,0.48287258,0.8630029,0.661665,0.63970804,0.16419886,0.5966507,0.40424252,0.5160371,0.6621759,0.5565079,0.08907905,0.9301359,0.6317219,0.472167,0.89464927,0.6736179,0.47632465,0.80372286,0.44662267,0.1899591,0.7100467,0.50377584,0.15929559,0.9360602,0.44597465,0.07611941,0.89133686,0.5036267,0.16618292
straight,0.8328850332017302,56.384857674045236,58.51910054437746,46.027873005339714,88.75395060362523,0.27037337,0.56298864,0.48726946,0.23560952,0.56719196,0.5538203,0.22651467,0.5712069,0.5332263,0.22786206,0.5986962,0.5490604,0.21945807,0.6181101,0.44403967,0.39738488,0.60117406,0.6735275,0.4031033,0.6952445,0.3998627,0.70058,0.4831574,0.8591987,0.6638168,0.6550376,0.14328296,0.5983711,0.40543324,0.51359725,0.6487554,0.5697337,0.096049495,0.9138323,0.6295076,0.5300567,0.9062036,0.6860972,0.4728948,0.80583715,0.44598442,0.21321149,0.721646,0.5016282,0.14081384,0.9375133,0.4463199,0.11627987,0.90629447,0.4868837,0.18297425
straight,0.45355837931103277,56.74853792659173,61.741324247601014,45.749802343850156,115.86333023170835,0.27014315,0.564001,0.5027471,0.23564348,0.5686597,0.54822326,0.22607553,0.5722004,0.50935686,0.22506903,0.60205406,0.58647674,0.219686,0.6179504,0.41306412,0.3997203,0.603444,0.6962568,0.40539473,0.69417185,0.41570818,0.70087165,0.4827249,0.8607418,0.6431521,0.6395658,0.173233,0.5957535,0.3948402,0.44620237,0.6621634,0.5567474,0.07765342,0.9121517,0.63098043,0.4675097,0.89101595,0.6743184,0.54361814,0.8046259,0.44605097,0.18436398,0.7074434,0.50066966,0.13102652,0.94137114,0.44520578,0.10489824,0.9083972,0.48527756,0.1527731
straight,0.2945944188225687,56.12722976874152,59.701399459517496,43.62635800259572,112.20382415744223,0.2707875,0.56370354,0.5036698,0.23529474,0.5678279,0.5341992,0.2255656,0.57190937,0.5229506,0.22201942,0.60029143,0.5414294,0.21784532,0.6179911,0.43348953,0.39469612,0.60118264,0.64433366,0.40184706,0.68451756,0.42680833,0.70056295,0.4827114,0.8575819,0.6437015,0.63974404,0.17140985,0.60181934,0.40408683,0.41057828,0.66089606,0.55682856,0.08829941,0.9145268,0.62891316,0.4968,0.8929915,0.6718071,0.5193017,0.80573714,0.44655576,0.24909306,0.7083277,0.5046933,0.13513574,0.9393448,0.44610378,0.12123413,0.9076152,0.4858175,0.18068515
straight,0.6171199638105248,55.91400492323206,61.68540548886612,47.872932496402775,108.89544444802814,0.2674402,0.5647749,0.48598167,0.22649458,0.56889826,0.57878035,0.22304231,0.5735735,0.50875056,0.22127144,0.6009182,0.5747461,0.21763109,0.62323064,0.42203113,0.39715236,0.60282254,0.69427705,0.39388737,0.6941452,0.4111925,0.7001188,0.48272225,0.87296885,0.6455188,0.6541358,0.18656878,0.5959071,0.39508808,0.40883178,0.6620964,0.5587677,0.08056743,0.9120494,0.63017654,0.5459087,0.8917539,0.6752903,0.52226377,0.80152506,0.44656,0.19188626,0.7223019,0.5016215,0.09380654,0.93951154,0.44504085,0.12201624,0.90807796,0.4852491,0.15390103
straight,0.05861609325508242,55.5046033843815,60.68082809592981,47.596480589746506,107.31586757981432,0.26703203,0.5651091,0.46371627,0.22425151,0.5692484,0.61257124,0.22088215,0.5736324,0.51822037,0.21900418,0.6010097,0.60137177,0.2140517,0.6241812,0.40788758,0.3966217,0.60083425,0.68178886,0.40453565,0.6937714,0.4550096,0.7006122,0.48247263,0.8680379,0.6474554,0.654473,0.15988553,0.5907606,0.39221737,0.40708867,0.66151816,0.55598885,0.08202188,0.9127846,0.63079756,0.51054215,0.892791,0.6748198,0.4970865,0.8016915,0.4471666,0.20355846,0.72198147,0.50176775,0.14630033,0.9370536,0.4462629,0.09873255,0.9077529,0.49002108,0.18502094
straight,0.5017643189724815,55.67551520798273,61.24735813663652,45.783352233053265,97.63358584542449,0.2618029,0.5644073,0.48939997,0.22279952,0.5696307,0.64499736,0.2200742,0.57343525,0.56271315,0.21794719,0.6031362,0.6534694,0.21231948,0.6198907,0.4055324,0.3952323,0.60157526,0.66815513,0.40084255,0.6958677,0.40082395,0.70038736,0.4823084,0.8479598,0.66664314,0.65514773,0.14386974,0.5922809,0.39191803,0.3367485,0.66508186,0.57204175,0.09081357,0.913531,0.62965393,0.5355113,0.9067174,0.68573153,0.5031513,0.8016578,0.44510046,0.20548666,0.7205507,0.50191873,0.13328907,0.9353944,0.44560465,0.101969376,0.90379876,0.49182063,0.17328084
straight,0.21663792713771976,53.1608512914483,60.77509153666516,45.0726095782109,95.64727121213642,0.269297,0.56539416,0.49446413,0.22606948,0.5701351,0.5897607,0.22290954,0.57444483,0.51477766,0.22089371,0.60305274,0.64267945,0.21657394,0.62423253,0.43234652,0.39751014,0.60238224,0.6647841,0.40552196,0.6947901,0.43876484,0.7020516,0.48170638,0.85974294,0.6686859,0.6521858,0.1856393,0.59186107,0.39196864,0.3893284,0.66281587,0.55753237,0.08093897,0.92642343,0.6319853,0.50724494,0.9094918,0.68429464,0.49179968,0.8023741,0.44552803,0.19642259,0.71935534,0.50145286,0.14316624,0.9399532,0.44369385,0.08681889,0.90230626,0.48814106,0.14532714
straight,1.1064713802702133,55.8667809953106,56.64152252267597,42.04973177610334,101.1718665345777,0.26235127,0.56511295,0.51287735,0.22310764,0.5707882,0.6480473,0.21978705,0.57446474,0.5726984,0.22066312,0.60271144,0.6249629,0.21615124,0.6245742,0.45913905,0.39868614,0.5992555,0.69759214,0.4026185,0.69925654,0.33854514,0.70267457,0.48166338,0.8684041,0.664003,0.6539816,0.16751829,0.5929242,0.40339795,0.4055308,0.6658944,0.5734285,0.09398557,0.91162586,0.6282555,0.5311395,0.8929312,0.6739292,0.4865145,0.8027381,0.44629803,0.21377166,0.72757167,0.53958005,0.12689471,0.9451713,0.44503674,0.13306586,0.9092774,0.4846119,0.16158958
straight,1.509595015252983,56.18810724481384,57.703200297073586,43.78404657996381,99.08228262876254,0.26078475,0.5654605,0.53843206,0.22160256,0.5706544,0.61847883,0.21879666,0.5745988,0.5267741,0.21767019,0.60293955,0.65186167,0.21225297,0.62521166,0.408427,0.39827392,0.5981554,0.69106036,0.40116927,0.7005056,0.27517027,0.7018335,0.48210794,0.87032455,0.6672866,0.6539361,0.14000498,0.5969423,0.40369096,0.40467167,0.6661093,0.5740004,0.09585065,0.91053474,0.62967354,0.5295737,0.8913146,0.6853705,0.48786658,0.8036673,0.44672638,0.25522524,0.72826135,0.53847736,0.12528338,0.9422335,0.4464558,0.13000815,0.9062817,0.48875222,0.17118277
straight,1.1443059460119434,55.76351536524917,60.6767982843195,47.71255965469087,98.47557741535782,0.26178265,0.56466025,0.53256214,0.2236114,0.57019114,0.6501477,0.22079699,0.5742506,0.5777431,0.21822512,0.60283583,0.6352442,0.21372157,0.6252239,0.4316824,0.40021738,0.5991819,0.68637127,0.40456268,0.6958215,0.4201471,0.7019829,0.4819257,0.86921453,0.6624994,0.6533012,0.15321858,0.59376913,0.392904,0.42080864,0.6609949,0.55593926,0.08912758,0.9124217,0.62621874,0.4841469,0.89309037,0.6728835,0.50719357,0.8034076,0.44632077,0.22346818,0.72146267,0.50111014,0.1469296,0.9424369,0.4459271,0.119336344,0.90760994,0.4861579,0.15801463
straight,1.6161973753447647,55.40462307531085,58.19054795473233,37.46470091835465,100.63438528841107,0.2587444,0.56480306,0.5281489,0.22129995,0.57069963,0.67880285,0.2182613,0.57416916,0.6130577,0.21941356,0.6039018,0.6672508,0.21397583,0.6246898,0.4361109,0.40054333,0.5987648,0.68599904,0.40444416,0.69744176,0.36974242,0.70317435,0.4827907,0.8631084,0.66309524,0.6530132,0.15666199,0.5977485,0.40270215,0.42595932,0.6643609,0.5713395,0.08889149,0.91197145,0.6278291,0.5311109,0.9056407,0.6737949,0.5098103,0.8019423,0.44716692,0.20544931,0.7092998,0.5375201,0.14564936,0.94100165,0.4450843,0.11327182,0.9070363,0.48535714,0.14814802
straight,0.9372459229115795,54.47563538591908,61.31136383934871,56.122837957105205,90.03405782767985,0.25721416,0.5649847,0.5445664,0.21982718,0.571197,0.6492726,0.21649575,0.5747339,0.5589456,0.21786112,0.60397744,0.66059905,0.21297616,0.62705666,0.409292,0.40822563,0.60084695,0.62551194,0.40804753,0.6978949,0.29769495,0.70055234,0.4813454,0.86043155,0.6658529,0.63928425,0.1794882,0.5905707,0.39203936,0.41381603,0.6469879,0.55607575,0.08033246,0.9135411,0.6300646,0.51241887,0.89261484,0.67682236,0.48269343,0.79830855,0.44718584,0.15584137,0.79506314,0.5443479,0.098285496,0.93906283,0.44626585,0.09755089,0.8995084,0.50162286,0.12619223
straight,0.9323369740026618,75.82356922171235,60.84760765508318,49.13201639819209,103.86867110570887,0.26070213,0.5637422,0.5337103,0.22162907,0.57084906,0.6530353,0.21831518,0.5735336,0.6009693,0.21787433,0.6048011,0.67448825,0.21402979,0.6256997,0.42025658,0.40279967,0.60177565,0.65346164,0.40680444,0.69799894,0.3125083,0.7019245,0.48223528,0.84655994,0.66390634,0.6408538,0.16024594,0.589744,0.39118466,0.4487258,0.66580737,0.55942935,0.07528703,0.92212903,0.62149453,0.44471267,0.88738656,0.6769913,0.47334027,0.8754604,0.40197268,0.14834586,0.7197434,0.4995335,0.08162622,0.9362099,0.4447651,0.099750936,0.9067638,0.48775443,0.12797375
straight,1.127660690537955,78.33143710002261,61.58946865178412,47.745378713652784,94.69898140815017,0.26149377,0.5643047,0.5997619,0.22325347,0.57141346,0.61991477,0.21986024,0.5743517,0.5605682,0.21912703,0.6045189,0.6666319,0.21509945,0.62604374,0.44576618,0.40628433,0.60081536,0.5802815,0.416368,0.6839887,0.40318647,0.7016134,0.48210064,0.82709897,0.6581044,0.6382774,0.19061257,0.59340096,0.3922909,0.39708182,0.6477594,0.53999877,0.06884954,0.90854424,0.6290662,0.45879096,0.8869419,0.6743651,0.51894796,0.8747696,0.40169668,0.1317812,0.72179365,0.49988565,0.06698967,0.93696284,0.4443426,0.09508253,0.90427965,0.48639488,0.11534739
straight,1.4640010432074728,56.60720082209666,61.543419516399894,38.50997257836589,104.24154479287822,0.2595377,0.56352717,0.5562616,0.22209355,0.5713329,0.6249503,0.2185521,0.5737566,0.5761647,0.2195398,0.6063574,0.6981531,0.21389364,0.62716764,0.43512055,0.41188937,0.6014163,0.6341645,0.41507733,0.68512845,0.3960982,0.7036724,0.48321962,0.87369186,0.6431485,0.638608,0.1737803,0.5928252,0.39187238,0.4417711,0.6478181,0.54005927,0.06781914,0.90514934,0.6212804,0.5090946,0.88721675,0.67668086,0.52010435,0.800029,0.4469288,0.16057323,0.7048533,0.53682464,0.08954237,0.93971944,0.4439807,0.06849569,0.89019674,0.49116707,0.0889795
straight,1.1161836051022809,53.42481761230179,61.17582556545898,41.95445746737083,109.84688979941092,0.26085258,0.5638764,0.59563226,0.22393796,0.57143843,0.6011991,0.21997139,0.5743918,0.5487409,0.22088306,0.6057381,0.6771494,0.21533895,0.6285718,0.4387676,0.41247162,0.6019862,0.6063161,0.42721602,0.69465876,0.4247739,0.7026185,0.48231402,0.8382678,0.64369226,0.624168,0.18210363,0.5904752,0.39227113,0.45532206,0.64671576,0.52849936,0.061709795,0.9210219,0.6210512,0.5178454,0.890496,0.6759292,0.5506781,0.8025409,0.4481969,0.1379321,0.725518,0.5392565,0.061870877,0.93616956,0.4439834,0.08259557,0.8985387,0.4863988,0.08398621
straight,0.7139793816041395,58.08981632485298,62.28528051310083,48.34769211542119,82.02678800705296,0.25666744,0.5646976,0.5789571,0.21962124,0.5716881,0.5928109,0.21613964,0.57420135,0.5271124,0.21730435,0.6059266,0.64670795,0.21322772,0.62819237,0.4148215,0.4097484,0.60351604,0.5713494,0.42168224,0.688063,0.35781765,0.7026249,0.48352924,0.82008374,0.665792,0.6260735,0.17597465,0.59284693,0.3913912,0.39257944,0.6309902,0.540887,0.06884437,0.9062595,0.6228317,0.44142327,0.88421047,0.6755145,0.47100693,0.8063673,0.4475766,0.17562714,0.719357,0.50000256,0.08802768,0.9339038,0.4441691,0.085240774,0.8987915,0.48804218,0.099893466
straight,0.9507136186306987,57.616620819154505,58.38679294996514,43.14107306206632,89.49625556262221,0.2585567,0.56544214,0.590986,0.22076476,0.57248765,0.5880003,0.21666488,0.5757627,0.51034325,0.21901318,0.6061042,0.6835934,0.21392158,0.62890357,0.43877196,0.41052672,0.6029097,0.6336064,0.41618836,0.69528234,0.42703858,0.7025455,0.48172522,0.79199016,0.6629199,0.6512535,0.1836434,0.5935234,0.40295443,0.42088002,0.6443857,0.55242294,0.0764567,0.9096588,0.63121814,0.5388509,0.8900988,0.68651146,0.52875096,0.8078383,0.44856286,0.23571469,0.7273242,0.53953236,0.09550824,0.93637145,0.4438489,0.078919254,0.90110147,0.4892268,0.10946381
straight,0.6085919942853285,57.17151105132311,53.47935667282434,43.24110118246116,91.67899277606153,0.25799793,0.56663597,0.60339826,0.22016561,0.5731251,0.59148884,0.21670833,0.57659537,0.51538044,0.21808177,0.60540646,0.66084033,0.21354702,0.6271245,0.4259363,0.40910488,0.6033676,0.5827829,0.41255546,0.694714,0.36917785,0.71719396,0.4792274,0.76218814,0.6628038,0.63775295,0.1791932,0.5911136,0.40186515,0.32056275,0.6465155,0.5550674,0.07926197,0.9071001,0.6297405,0.47853687,0.88497066,0.67727107,0.43746597,0.8033284,0.44852328,0.18116786,0.7258274,0.5383117,0.080327876,0.9361777,0.44433114,0.0941057,0.90263414,0.48799857,0.11108952
straight,1.169323280205159,52.74559628047904,60.59948737310413,67.55068017445282,90.93547887358146,0.25808668,0.5677557,0.57568574,0.2201134,0.573294,0.62134796,0.21679038,0.5762043,0.5211097,0.21706083,0.60510796,0.65211093,0.2117031,0.62777346,0.39829555,0.40214702,0.60131073,0.60798943,0.40564418,0.68851197,0.3023064,0.7015078,0.48224282,0.827844,0.66186166,0.6266924,0.16819665,0.5922264,0.39403307,0.36636183,0.6458299,0.5551433,0.0709706,0.9238617,0.6210968,0.50522506,0.8900432,0.6746599,0.51897705,0.8028424,0.44879183,0.14595923,0.81481737,0.5063906,0.05678551,0.934968,0.44497004,0.10354319,0.9176631,0.46205696,0.09505114
straight,1.4857244408515535,53.5469209040941,61.71503484948563,59.44650362988179,92.23661625009055,0.25646105,0.5686577,0.6037026,0.219158,0.5741861,0.591648,0.2148718,0.57767165,0.5299595,0.21845715,0.6070295,0.68277603,0.213311,0.6288478,0.4265446,0.40400892,0.6021918,0.6251104,0.40980348,0.697172,0.3511752,0.70123047,0.48368773,0.84670293,0.6620091,0.6533574,0.1751864,0.5940544,0.39382786,0.3667475,0.6488651,0.5550932,0.08069119,0.9237319,0.6322586,0.5176088,0.8899903,0.6865593,0.49721882,0.80392766,0.44877425,0.15968446,0.79477495,0.53310984,0.06172856,0.9351338,0.44389278,0.0934376,0.90294546,0.48721823,0.094519
straight,1.0929407224094676,57.35091963025184,59.22226851943027,43.246012088474394,91.84691980699546,0.25935417,0.5678844,0.61995596,0.22189358,0.5734613,0.6086176,0.21804605,0.57734746,0.5515808,0.22103724,0.60513246,0.7205389,0.21621722,0.6277543,0.46307403,0.40302193,0.6016428,0.66589355,0.4166586,0.6981198,0.37105733,0.7032368,0.48515412,0.7619802,0.6614902,0.6523616,0.16394614,0.60709393,0.40999815,0.49137682,0.648497,0.5678388,0.09977379,0.910202,0.6299578,0.5737011,0.8887173,0.6858071,0.53788537,0.8078987,0.44879565,0.18663095,0.7261218,0.54067534,0.07930322,0.9371349,0.4439814,0.10497984,0.9048073,0.48511624,0.105234474
straight,0.8056297691534412,75.75855948119217,59.91590838059091,46.28000260836157,89.0725379472713,0.26196194,0.56838644,0.59884506,0.22337255,0.5733313,0.5882989,0.21948168,0.57762307,0.5844057,0.21948406,0.6054056,0.69221365,0.21497415,0.6282075,0.45531976,0.39934045,0.6028633,0.68411493,0.40506837,0.6965358,0.363134,0.70249724,0.48550993,0.8327274,0.66435134,0.6541731,0.167246,0.60230243,0.40508285,0.40458766,0.64883703,0.5680059,0.10566198,0.92350286,0.63069695,0.53319234,0.9028655,0.68814325,0.50417984,0.8779969,0.40091333,0.17885667,0.7203913,0.5036571,0.07191136,0.93317425,0.44410896,0.13494782,0.9304414,0.44951734,0.112111084
straight,0.999035498156809,54.397272625571524,59.219994066436655,46.410978315885735,89.9321650656416,0.258659,0.56745815,0.64817303,0.22051042,0.5741131,0.58678335,0.21699995,0.5763198,0.5471703,0.21795993,0.6067092,0.68860424,0.21366763,0.6275921,0.45356354,0.3997733,0.60352236,0.69230646,0.4062912,0.6980221,0.3371881,0.70189273,0.4842104,0.82914364,0.662768,0.6541791,0.18305264,0.5976615,0.40373817,0.38982144,0.64800435,0.5684248,0.09301801,0.9243146,0.63100064,0.54103786,0.9032373,0.68664855,0.532717,0.8075198,0.44840184,0.15279627,0.720121,0.5028927,0.08179674,0.9346613,0.4438021,0.11045111,0.90592396,0.48449063,0.114604294
straight,1.0585577300418842,55.83245246454211,52.604914874144285,40.79173387439205,98.3505371422224,0.25629485,0.568548,0.6577657,0.21805707,0.574398,0.60189134,0.21447441,0.5776277,0.55458295,0.21784192,0.6076637,0.6935511,0.2135312,0.6282271,0.4700283,0.39788172,0.6043202,0.6907405,0.4072742,0.6986267,0.3134689,0.72148955,0.48059708,0.77105534,0.66698134,0.6526291,0.15403758,0.606707,0.40975615,0.3483051,0.66459054,0.57174915,0.10513377,0.9232112,0.6330062,0.511446,0.8893343,0.68710357,0.462678,0.8114578,0.44732562,0.1928236,0.7069368,0.53716105,0.11130378,0.93498915,0.4432315,0.12580022,0.9032999,0.48526937,0.13827053
straight,0.9619126803963879,59.270469164403046,54.08128758399922,40.91794894006472,99.74525858301553,0.25849697,0.5681739,0.6585603,0.22062275,0.57401127,0.5808263,0.21710794,0.5772871,0.5747977,0.21898817,0.60679126,0.6928406,0.21360964,0.6275059,0.45976806,0.39699575,0.60378677,0.6653852,0.40412354,0.6978943,0.27985436,0.7200372,0.48128077,0.8008316,0.6642399,0.6535856,0.1416899,0.60211515,0.4037815,0.36691293,0.66435236,0.571158,0.10804968,0.9069511,0.6298545,0.4995119,0.8867182,0.6852781,0.48354608,0.810408,0.4467693,0.16091312,0.707493,0.53795373,0.10830749,0.9328015,0.44050154,0.11615064,0.9012039,0.48302904,0.12326533
straight,1.6507586349370753,58.36822166561188,59.56004869464408,41.525036644062965,86.19366785362429,0.25386155,0.5682568,0.65813,0.21724877,0.574789,0.5708329,0.21375918,0.57771415,0.5793649,0.21802376,0.6065084,0.677985,0.21199858,0.62770236,0.4279779,0.39953443,0.6012502,0.6690436,0.4030814,0.6996219,0.31096172,0.7041032,0.48626286,0.7810988,0.6651764,0.6542718,0.14507695,0.6098021,0.4102355,0.45503554,0.64494914,0.5708089,0.11903543,0.9077117,0.63400835,0.51000416,0.88737035,0.69820374,0.45012146,0.8086264,0.4472117,0.23686294,0.70276874,0.53570014,0.13714232,0.9302962,0.4438758,0.09795305,0.88828206,0.49418736,0.13176657
straight,1.5356261345257147,53.05786569914285,53.56018513146227,41.20325277188532,77.81838061032794,0.25599355,0.5668916,0.62061566,0.22021416,0.5727622,0.5821959,0.21624029,0.5768087,0.56123173,0.217095,0.60526115,0.61285996,0.21084759,0.63038224,0.39238566,0.40377042,0.600231,0.61378676,0.40446657,0.69296837,0.24496968,0.7191326,0.47968084,0.73311526,0.66514283,0.65577316,0.14878474,0.60025,0.40353417,0.48026246,0.62829053,0.55616015,0.08588771,0.92782253,0.6326982,0.55869865,0.89299583,0.6784144,0.48264977,0.80560195,0.4473195,0.1737325,0.7226809,0.5380334,0.07750003,0.9325034,0.44463164,0.109854355,0.9005916,0.4880746,0.13569796
straight,1.678096127104144,57.249621094671376,61.38512305219568,43.381283984986496,87.22112638028014,0.2559945,0.5666764,0.5968159,0.21905056,0.5727739,0.57040596,0.21475774,0.57660556,0.5226309,0.2157607,0.6058995,0.594101,0.20896295,0.629373,0.34164456,0.4025783,0.6003982,0.63069767,0.40427238,0.70139587,0.25785512,0.6981946,0.4833524,0.6922386,0.6479679,0.655374,0.14607579,0.60727596,0.40764317,0.46107402,0.63003665,0.580531,0.08813156,0.9093201,0.6298324,0.5430262,0.8903595,0.68894935,0.46406838,0.8067533,0.44799915,0.24405879,0.72315764,0.5388512,0.07665988,0.9342382,0.44415846,0.12772974,0.9017736,0.48207313,0.12708217
straight,1.3467759858932755,56.092156747353506,59.80637263687142,46.65197471056046,102.06611906957431,0.25332144,0.56753916,0.60035354,0.21833193,0.57292324,0.5882449,0.21432523,0.5771896,0.5406456,0.21661708,0.60538703,0.6129466,0.21033329,0.63096374,0.38219252,0.40709266,0.6008859,0.6176461,0.41207084,0.70070505,0.30487394,0.7034131,0.48435426,0.7685406,0.6475532,0.64054346,0.14951299,0.6093399,0.40995693,0.53269035,0.644225,0.5564108,0.075121574,0.909678,0.6290793,0.54733515,0.88998836,0.68120635,0.44636738,0.80293274,0.44927907,0.22040159,0.7079722,0.5034872,0.0835935,0.93195003,0.44539115,0.08769711,0.8988795,0.4861694,0.08587191
straight,1.1580142641460205,52.190124316038585,59.096142246216814,47.81929502085066,86.17374419181536,0.25774363,0.567625,0.6415704,0.22220114,0.5727996,0.5927079,0.21795666,0.5774882,0.57898116,0.21893439,0.6050842,0.6412196,0.21131021,0.62789446,0.4119676,0.40101177,0.6013849,0.6442699,0.40168297,0.6976951,0.30958724,0.70372057,0.48378277,0.74426967,0.66723,0.6534558,0.14414105,0.6086371,0.40985546,0.5114097,0.64756227,0.570156,0.092762105,0.9299605,0.6330983,0.5629115,0.8947109,0.68784934,0.40883136,0.8044359,0.44962856,0.2639729,0.7190099,0.50156116,0.1100737,0.93256015,0.4450886,0.09825743,0.89976275,0.48788777,0.123571105
straight,1.4129871313538296,53.41401225303483,59.95724468544783,46.71910180972335,86.35087831775047,0.26153857,0.5675232,0.61537296,0.22328472,0.5734696,0.56896245,0.21887654,0.5774805,0.5784202,0.21947327,0.6064471,0.6722363,0.21312252,0.6286797,0.42224666,0.40417415,0.6018672,0.6595635,0.41150472,0.69999593,0.314598,0.7027094,0.48359528,0.7787892,0.66944855,0.6533505,0.14851396,0.6091796,0.40961042,0.5125925,0.64901793,0.5707909,0.09903655,0.92409825,0.6334319,0.5142447,0.89011025,0.68792677,0.4150184,0.80465126,0.45028314,0.2781725,0.7088839,0.5049552,0.121709414,0.93490684,0.4461615,0.09755463,0.8989215,0.48764095,0.11290062
straight,1.4222232984889949,56.5917031228699,58.894146231702855,39.000223066421896,101.07318396144939,0.25972268,0.5672011,0.6326045,0.22309706,0.5736305,0.5742895,0.2193151,0.5768916,0.5776262,0.22035263,0.60701275,0.6797028,0.2142928,0.62714696,0.44179758,0.40324318,0.6024481,0.6394101,0.40896702,0.6963658,0.380774,0.7043559,0.48354632,0.76801103,0.64519775,0.65357107,0.15466182,0.6068498,0.40914187,0.48576725,0.64638615,0.5689988,0.08458571,0.91121805,0.6323914,0.5564234,0.8918458,0.6891894,0.44304433,0.8038182,0.4466303,0.27046958,0.6896123,0.5303399,0.1318957,0.9327175,0.445674,0.0798893,0.8924571,0.49027663,0.11518383
straight,1.4662215863606332,56.01871855339753,58.02230673509658,39.393443887128704,88.40898506940457,0.26107904,0.5671414,0.6576238,0.22368711,0.57380944,0.583242,0.22003019,0.5771281,0.5886681,0.22100875,0.607146,0.7096871,0.21557,0.6269619,0.4587151,0.4006313,0.60252434,0.694578,0.40629244,0.69742554,0.36502388,0.7036201,0.48238978,0.8453086,0.66212386,0.6537255,0.14286934,0.60794795,0.41186953,0.54968774,0.6454097,0.56996125,0.098246254,0.9136211,0.63240194,0.51285243,0.8954679,0.68721217,0.4624458,0.8041977,0.4477305,0.21562578,0.7051122,0.5374313,0.12939209,0.9361825,0.44410965,0.081797145,0.903079,0.4866844,0.115693465
straight,1.677502404217609,57.20344218569292,58.45014978470618,40.25571428870779,99.82860373899149,0.26017535,0.56712186,0.6357195,0.22264785,0.57373255,0.5733842,0.21896106,0.57740504,0.56786543,0.22186315,0.6072373,0.6885755,0.21641406,0.6281202,0.45005298,0.40729582,0.6017783,0.64602995,0.41052282,0.69701195,0.4016829,0.7038306,0.48246726,0.7663461,0.6482002,0.65410984,0.15587501,0.6094338,0.4125339,0.55381715,0.6476095,0.57021207,0.09348104,0.9113383,0.6313874,0.57133,0.8920703,0.6898648,0.45413738,0.8074877,0.44734287,0.3162847,0.70571685,0.536763,0.13555859,0.9347097,0.4454196,0.10646352,0.9007962,0.491149,0.14087
straight,1.3688739396759524,54.85089280910875,59.57150292188219,41.1053625007007,88.86375955491152,0.26049635,0.5670647,0.6201548,0.22195509,0.5734143,0.5777061,0.2182161,0.5770845,0.56449634,0.21991393,0.6069088,0.70764905,0.21425235,0.62766206,0.44905102,0.40484855,0.6024665,0.66781497,0.4165048,0.69827265,0.3554046,0.7034723,0.48326144,0.7675661,0.6680374,0.6546347,0.14926814,0.61029696,0.41095978,0.54595035,0.6515343,0.56956255,0.09759461,0.925693,0.63467634,0.60684586,0.8923317,0.6920256,0.3929977,0.81080246,0.44800004,0.22201404,0.707603,0.5350692,0.11502278,0.93720937,0.44440705,0.11437683,0.902497,0.48679206,0.14647949
straight,0.7375143296312984,53.93832489448169,58.898148722556485,40.03478498981456,100.19165242641088,0.26135385,0.56712013,0.5880704,0.22257224,0.5726945,0.6169965,0.21910068,0.57679623,0.55626684,0.21988896,0.60502434,0.6834789,0.21591038,0.62797785,0.4371079,0.39929312,0.6027029,0.6658407,0.4056977,0.6985256,0.30688378,0.7047478,0.48400494,0.7361804,0.6681286,0.6532194,0.14456111,0.60879964,0.4099486,0.516737,0.6686907,0.572025,0.108682804,0.92747205,0.63411313,0.53320646,0.8924285,0.68608135,0.45794424,0.80806243,0.4478159,0.2427475,0.7057984,0.5372552,0.16374305,0.93468416,0.44533738,0.09774047,0.90049267,0.4894657,0.147671
straight,1.0818453900259795,54.72984819663778,60.550091445026595,41.27313243728372,86.17073207839138,0.26095417,0.56700265,0.6196056,0.22271577,0.57378024,0.59471285,0.21971884,0.57710236,0.5538958,0.2201818,0.6061228,0.70027286,0.21615264,0.62793154,0.4410376,0.4091922,0.60253507,0.65211433,0.41111058,0.69825727,0.33589953,0.70311064,0.4835979,0.7878854,0.67064464,0.65412587,0.15717159,0.611537,0.41070768,0.5175884,0.65015155,0.5686318,0.08871455,0.9245092,0.6355736,0.5157243,0.89145494,0.6894967,0.42615533,0.80907696,0.44795415,0.21220374,0.70929325,0.53540397,0.092272945,0.9316348,0.44391593,0.08982937,0.8989711,0.48797646,0.13226141
straight,2.135067139772975,52.52713951006535,58.479260050948774,48.49206865409692,97.53053195122735,0.2618075,0.5668997,0.62739146,0.22283195,0.57291156,0.57204837,0.2195588,0.57699555,0.5365793,0.2196238,0.6055906,0.67645615,0.21492033,0.62752455,0.45550168,0.40250784,0.5987371,0.7189675,0.40221497,0.69901526,0.30421522,0.7040326,0.4839016,0.82888085,0.6713017,0.6546692,0.13164023,0.61121076,0.4123418,0.49033046,0.6686677,0.5721288,0.10521101,0.9295994,0.6359653,0.4759475,0.8937787,0.689212,0.40095747,0.80532974,0.44773504,0.2099829,0.72103953,0.5016911,0.120227836,0.934589,0.44422397,0.09440357,0.90318537,0.49179316,0.16088474
straight,2.2272598117265057,51.29304044025994,59.82325686449969,39.39610766090501,98.5742736488645,0.2613172,0.56637764,0.610169,0.22287945,0.57254153,0.59464407,0.21984331,0.5762919,0.534054,0.22038667,0.60626775,0.71331996,0.21620741,0.6272804,0.48213425,0.40581286,0.5990187,0.71333224,0.4084919,0.69642735,0.40868738,0.70501506,0.4842186,0.8520849,0.6667189,0.6552706,0.1531055,0.6073213,0.40558073,0.5296376,0.66602004,0.5721082,0.104402736,0.9293363,0.6339595,0.4977635,0.89317787,0.67821926,0.44442677,0.80002517,0.4485178,0.1425879,0.7068145,0.53653246,0.1355331,0.9365804,0.44375888,0.0837878,0.90586895,0.49074742,0.15404353
straight,2.2687644074585704,51.28465979814833,59.428581213499676,45.07060833278409,96.71463170392347,0.25892282,0.5658297,0.57907706,0.2195308,0.57284945,0.6385412,0.21726477,0.5756435,0.5428471,0.21862793,0.60635823,0.6667616,0.2149435,0.6272214,0.46136418,0.40571436,0.59890765,0.6929967,0.4083866,0.6967043,0.36347649,0.70462006,0.48333225,0.8407172,0.6692581,0.65429133,0.17585659,0.6053796,0.40498778,0.5233853,0.6650458,0.5585735,0.097942665,0.927834,0.62354296,0.5070413,0.8955175,0.676819,0.47766134,0.8004266,0.44827148,0.14668638,0.70926255,0.504749,0.12237166,0.93349767,0.44315463,0.097279,0.90555334,0.4917732,0.16906795
straight,1.8273444420445708,56.40345627915518,58.71602172833809,40.503670646146766,89.7486515430217,0.2597165,0.566345,0.59892154,0.22030103,0.5728525,0.6267108,0.21720478,0.57583696,0.5634382,0.22010724,0.60648364,0.70132786,0.21660821,0.62610173,0.47601718,0.4042155,0.6005796,0.7064963,0.40507513,0.6976082,0.35897887,0.7042493,0.48365363,0.8110862,0.6667465,0.6540949,0.15267609,0.6099166,0.41146642,0.52436113,0.6523459,0.5697829,0.109567866,0.91225934,0.63082564,0.48427266,0.8932373,0.6879332,0.43785894,0.8051379,0.44669494,0.21136336,0.7105057,0.53800523,0.12619035,0.93583167,0.4445699,0.12367749,0.90456975,0.4931233,0.17982271
straight,1.5222422643916835,51.28981659097169,57.0439162874381,37.80134045197707,97.79813193271927,0.26425606,0.56311554,0.52714604,0.2245686,0.5698765,0.65920323,0.22204952,0.5737331,0.60792875,0.22410904,0.603274,0.6450558,0.22128311,0.61986744,0.43269992,0.40295705,0.5984968,0.7390478,0.4056253,0.6983008,0.36897683,0.7047415,0.48282528,0.8293722,0.6690756,0.65381205,0.15921985,0.60937226,0.41335097,0.56127316,0.66659176,0.5741971,0.102761604,0.9307255,0.632043,0.5381391,0.9115957,0.6890872,0.4805584,0.80205244,0.44877777,0.16372085,0.7086426,0.5374901,0.12588155,0.9353734,0.44434878,0.10800064,0.9072611,0.4901707,0.17787917
straight,0.8859799491655945,56.43010767729657,56.24489343757333,38.58129341367916,88.2310654717149,0.26884738,0.5641306,0.52213335,0.22633395,0.5686683,0.66003764,0.22375348,0.5733971,0.57795984,0.2249819,0.5991468,0.52031106,0.22277622,0.62469715,0.42838985,0.4036456,0.59637,0.7838728,0.40390855,0.69608676,0.40734893,0.705564,0.4836014,0.77533346,0.6616107,0.6817681,0.14251357,0.60708857,0.41267297,0.5425849,0.65300596,0.5824001,0.10305442,0.91309476,0.63040483,0.5220089,0.91018075,0.69732505,0.46311924,0.8091406,0.4485066,0.21990137,0.7115216,0.538047,0.16767657,0.93930954,0.44333467,0.13264537,0.8999898,0.5009331,0.18651836
straight,0.6148561880475308,51.60298076441678,55.68261860471954,38.25836206972096,83.70816201465665,0.26847303,0.563341,0.43762398,0.22440886,0.56823176,0.6495327,0.22172396,0.5724559,0.5854609,0.2252821,0.599418,0.55204487,0.21871518,0.61906624,0.43213817,0.400617,0.5975262,0.7560192,0.39916012,0.6952448,0.37455016,0.70651305,0.4837587,0.7369062,0.6636325,0.6926476,0.15006071,0.60788953,0.41397673,0.50139916,0.65037537,0.5823619,0.10918891,0.93053454,0.63206166,0.49238697,0.91167015,0.6972901,0.4149686,0.8047511,0.45019197,0.1965056,0.7101351,0.53705645,0.15640563,0.9355607,0.44527593,0.11801029,0.90046185,0.5035567,0.19819887
straight,0.6006549667962109,55.22940823253251,54.72387178111402,42.93708263231472,86.6968069086441,0.26992154,0.561758,0.54717505,0.22610675,0.5673538,0.6403423,0.22309268,0.5713365,0.6160827,0.22765824,0.59794897,0.5778862,0.2224856,0.6175669,0.42922315,0.40322655,0.59609836,0.71416104,0.40248775,0.69836015,0.3612884,0.7063432,0.48387814,0.68187654,0.66412675,0.68544805,0.13690916,0.60276765,0.4129366,0.46343872,0.6530061,0.58187664,0.103348576,0.91508186,0.6296654,0.48307684,0.8951945,0.6890847,0.40234792,0.80643964,0.44898698,0.19869411,0.72703254,0.53842086,0.14444503,0.935717,0.44498512,0.13093261,0.90047574,0.5024323,0.18842241
straight,1.2992068493839506,75.44092153384072,48.31417637716394,48.85714909542327,91.81920972953273,0.2711398,0.5589935,0.5813672,0.22383186,0.5660649,0.6021043,0.22135988,0.56924623,0.60869336,0.22572784,0.59864247,0.5737018,0.22118488,0.61630017,0.4526528,0.4026609,0.5946086,0.72575825,0.40435717,0.6982997,0.3791817,0.7230467,0.4807899,0.72961736,0.66375303,0.6556306,0.14623785,0.5990435,0.41274157,0.48700482,0.6520564,0.56704825,0.09585877,0.93062615,0.63076556,0.533685,0.9116051,0.69800836,0.4495422,0.8875062,0.40127274,0.1412424,0.7392048,0.5009089,0.12974562,0.9309521,0.44519612,0.11720764,0.90100956,0.5021427,0.20016728
straight,1.7419642058237115,51.021820458507904,48.34307490754226,43.15720596888589,89.21231093844645,0.26306906,0.5576593,0.6338944,0.22309756,0.5646741,0.6142777,0.22072345,0.56753147,0.6665705,0.2253549,0.5966272,0.66828245,0.21950142,0.6153374,0.46155435,0.40767723,0.59105337,0.70284545,0.40469047,0.6989917,0.43509167,0.7239405,0.4796248,0.7571578,0.6617138,0.6562934,0.13820511,0.6025645,0.41252694,0.5451575,0.64836854,0.58227104,0.09012183,0.9338224,0.63236713,0.59849405,0.915674,0.69809914,0.46497333,0.80571294,0.44588614,0.2157973,0.7453519,0.5389535,0.14404455,0.93371457,0.44412524,0.11892553,0.9023606,0.5008526,0.17677514
straight,1.8899830860974738,50.90347377075909,47.878929402494045,39.220127836939625,91.84801946745183,0.26650843,0.55621475,0.5177391,0.22168401,0.56263345,0.5479521,0.2187058,0.565734,0.6073568,0.227702,0.5949378,0.62307775,0.2223761,0.60977924,0.41213182,0.41001445,0.58889055,0.69034016,0.40850866,0.6988341,0.43993658,0.72488993,0.47912636,0.7268643,0.6612908,0.65778905,0.12682545,0.6027938,0.41238976,0.53731596,0.6495859,0.5673547,0.081959546,0.9296962,0.6307194,0.5654064,0.91120744,0.70156455,0.43948424,0.80427206,0.44819027,0.24099618,0.7105529,0.5359733,0.17417476,0.931139,0.44508696,0.08915642,0.8944564,0.5010746,0.16309756
straight,1.581447327851971,50.96736336025539,46.09395508555959,35.86229755793464,84.32679956854139,0.26111883,0.55184376,0.5351735,0.22023731,0.56061435,0.5877112,0.21774751,0.561416,0.54215175,0.23385134,0.591458,0.5712395,0.2323665,0.6131758,0.41924983,0.4118657,0.586518,0.70294315,0.41734284,0.69687635,0.60120124,0.7251308,0.47734767,0.7624916,0.6441933,0.69632024,0.14805721,0.59735,0.41257426,0.5579181,0.63198555,0.5764217,0.08120198,0.92967623,0.6288329,0.6376258,0.914801,0.69604415,0.5020842,0.80634665,0.44845042,0.24549858,0.6931069,0.5363506,0.25049576,0.9278213,0.44822603,0.079723515,0.89256203,0.5109815,0.12676762
straight,1.3137066981543688,50.09830375064131,45.98224734168403,41.245169642821686,77.71530622556327,0.2620184,0.5499195,0.45611846,0.22254068,0.5582084,0.649387,0.2199209,0.56063,0.5889341,0.2259503,0.58905464,0.5588389,0.22242168,0.6064295,0.3860577,0.41457623,0.5847067,0.6767623,0.42486435,0.70130783,0.4470807,0.72495675,0.4776015,0.6822976,0.6642035,0.69458646,0.12741545,0.59702975,0.41257724,0.47018033,0.63561106,0.57899183,0.06781596,0.93287814,0.632437,0.5967601,0.9162814,0.7091717,0.4673727,0.8060063,0.4488015,0.31317824,0.73009205,0.5405706,0.24778865,0.9285018,0.44961128,0.08223704,0.8963699,0.5034775,0.15397944
straight,1.4358171190714957,48.34950211555124,44.676540568620204,39.811567577549376,73.62457615804841,0.26801938,0.5498701,0.42680156,0.22080466,0.55684155,0.6459485,0.21787417,0.5595514,0.56257963,0.22822742,0.5855481,0.5513291,0.2223914,0.6051546,0.40101492,0.41489527,0.5808447,0.67622733,0.42400667,0.7015053,0.43706357,0.72483265,0.47354698,0.6024576,0.6632372,0.6964871,0.10932685,0.5957705,0.41176304,0.444656,0.6262492,0.57972425,0.07050334,0.9409589,0.62980485,0.52553946,0.9274484,0.7090997,0.5058377,0.8060796,0.4464129,0.3368657,0.7307169,0.5400284,0.19348727,0.9251306,0.45605704,0.121966675,0.90004563,0.5101115,0.14452761
straight,0.42337359539363806,49.0873264704527,47.12817549949375,35.49277066345861,89.49964333645055,0.27078098,0.5453747,0.55554473,0.23323172,0.5509963,0.44717133,0.22515419,0.5546786,0.45827153,0.2298809,0.57912034,0.5288583,0.22889075,0.6017596,0.3538351,0.41251242,0.57776266,0.6681952,0.42561513,0.69380325,0.65222543,0.72470164,0.47187743,0.66013396,0.64271736,0.65539116,0.12318364,0.5949733,0.4017547,0.5321504,0.6258686,0.5647828,0.07712488,0.9291841,0.6299314,0.6190019,0.9099323,0.68779725,0.5065734,0.80058503,0.4472722,0.2414675,0.69146293,0.53605723,0.2682658,0.91830176,0.44949389,0.0835346,0.8924052,0.50464946,0.13458882
straight,0.5169981143028352,48.50559242865354,43.269282542976626,37.99391080543641,66.61106471071251,0.27381176,0.5425504,0.5475054,0.23035745,0.5484139,0.5354508,0.23207438,0.5521239,0.4434227,0.23007338,0.5734915,0.491575,0.23007274,0.6019729,0.37131125,0.40966508,0.57512087,0.63078976,0.42933163,0.69424313,0.645977,0.72050416,0.46847916,0.56375,0.6606677,0.68578047,0.11300254,0.59692913,0.41259623,0.46405607,0.6084815,0.576291,0.067054234,0.932634,0.6281811,0.57552296,0.91483206,0.7093101,0.5103734,0.8020797,0.44650236,0.37093046,0.7105411,0.53927374,0.22266702,0.9070356,0.47189823,0.119954094,0.89376616,0.52803427,0.164024
straight,0.41565737983105266,45.84052091640627,48.79159976995866,39.482325138798075,54.06741546979492,0.27406856,0.53771424,0.41720384,0.23695377,0.5451452,0.6614381,0.23504063,0.54828006,0.49848193,0.23666751,0.5713677,0.63308686,0.23222724,0.60031646,0.35623595,0.41330266,0.572656,0.64845467,0.43661985,0.6911883,0.6206984,0.70431757,0.47032276,0.5322813,0.6490155,0.7144243,0.16895793,0.59134895,0.40662208,0.38089466,0.60354805,0.6346767,0.048874926,0.937617,0.6283074,0.49782595,0.9239852,0.7081734,0.49698538,0.7954428,0.44699058,0.37837872,0.73291147,0.5392544,0.14437154,0.90365446,0.48042274,0.1802996,0.8982948,0.5258309,0.14139974
straight,1.0716826550353091,45.18583362408221,38.58291899870163,32.527799205134414,72.31147912030262,0.2747097,0.5339604,0.46920162,0.23671731,0.5384008,0.5723226,0.23475525,0.54361457,0.49168274,0.23602867,0.5609798,0.53843415,0.23322034,0.60041374,0.36900923,0.41480064,0.56434107,0.67106,0.44070536,0.69165826,0.57862234,0.7267856,0.46287307,0.5427804,0.6672784,0.715798,0.15168433,0.5915662,0.41213724,0.3246701,0.65424836,0.6523599,0.05140599,0.93711936,0.61869556,0.43296182,0.92470783,0.707442,0.5591341,0.7997977,0.44834757,0.3457757,0.7133981,0.56277907,0.19254667,0.905086,0.488656,0.17788163,0.8986126,0.5453462,0.08897922
straight,1.7863723941634668,47.01777232174967,42.230246845677605,31.858618251391587,74.81537865870511,0.28002465,0.53175646,0.52679235,0.2414373,0.53518844,0.53739285,0.23776844,0.5417507,0.5099694,0.23804995,0.55424005,0.5508504,0.23350881,0.5978827,0.36572728,0.41247198,0.5597083,0.6954183,0.43652093,0.69117606,0.5489828,0.7063283,0.46323752,0.4971227,0.6634123,0.71841484,0.16612239,0.5936341,0.41293168,0.41404772,0.6557305,0.6660072,0.0568331,0.9222317,0.61793786,0.4719607,0.92648333,0.70710677,0.5831226,0.79591346,0.44701415,0.35011885,0.70529217,0.55947405,0.1540581,0.9067247,0.4878211,0.14581472,0.8700129,0.56727475,0.06198595
straight,2.6155070870816797,45.90939654399668,42.711734201028484,34.27076785867329,110.4185493121843,0.28054938,0.52981204,0.50046784,0.24214105,0.5321009,0.6565369,0.23893636,0.5387302,0.5015377,0.2401651,0.5508134,0.5449278,0.23522392,0.59060603,0.37154478,0.41174006,0.5586919,0.6506586,0.43083143,0.68387675,0.5350489,0.70500916,0.45857945,0.45137742,0.6631775,0.7100803,0.14934057,0.59146833,0.40835157,0.4451853,0.697696,0.6419023,0.05284123,0.922261,0.6145362,0.48239672,0.9255065,0.70668525,0.5771011,0.7915508,0.44631693,0.3018885,0.7143711,0.5480987,0.13694906,0.91956395,0.48697296,0.14084277,0.9057195,0.5498406,0.06840098
straight,1.4210649012301337,45.82082265083995,42.159486085876274,37.48756839169585,88.6955971098223,0.28064203,0.5281621,0.47237825,0.24280202,0.5304751,0.703072,0.23995768,0.5371675,0.47518003,0.23868233,0.549364,0.5043223,0.23519939,0.5893237,0.40895993,0.4122715,0.5536925,0.5986628,0.43339163,0.6843875,0.54041183,0.70347273,0.4558952,0.42741048,0.6652519,0.7080773,0.13125944,0.5851872,0.40422902,0.35610133,0.67193663,0.62369394,0.057699095,0.92462564,0.613707,0.4903356,0.9281564,0.6957802,0.5663932,0.7950305,0.4448049,0.27048838,0.7469497,0.5500516,0.118866846,0.9081411,0.50409526,0.12781815,0.87130225,0.5692104,0.061447315
straight,0.9227570786742589,47.996538429812496,36.87267378147629,38.077990434119265,68.79677988662995,0.29034957,0.5272073,0.4110612,0.24692473,0.528751,0.6044156,0.24435845,0.5369021,0.49919567,0.24295858,0.54871106,0.49302447,0.24233209,0.5876988,0.41460916,0.40847993,0.5513906,0.58493716,0.42523992,0.6744605,0.6127233,0.72074145,0.44966444,0.6319584,0.66001797,0.6430863,0.1142482,0.58763725,0.4042782,0.5644227,0.60832524,0.5491149,0.07899458,0.92245,0.6027734,0.6116957,0.90706635,0.68551105,0.6413685,0.80269283,0.43971062,0.23566845,0.72885275,0.53916734,0.17098138,0.9268004,0.44668403,0.15427244,0.90228057,0.5245829,0.12856977
straight,0.3594256429809379,46.47503182992211,37.26155743206013,40.90262882575638,83.12069061395468,0.29367715,0.5248579,0.4299302,0.2517025,0.52645403,0.53651637,0.2487716,0.5356253,0.42821482,0.24462228,0.5467557,0.4985482,0.23779279,0.588327,0.41858262,0.41352916,0.5478201,0.62587315,0.42936382,0.6823687,0.53726447,0.72193193,0.45076275,0.5714286,0.6653141,0.70516294,0.13010167,0.58854,0.40275905,0.38768128,0.66383797,0.643047,0.052556407,0.9263966,0.6027211,0.50793624,0.92533386,0.69410986,0.55106425,0.80118775,0.4390428,0.3452601,0.75549597,0.53979266,0.16615061,0.9154843,0.46963382,0.14195882,0.89729446,0.5349709,0.091157466
straight,1.8874536053239184,47.210738826180865,39.51439287695129,40.49749615513707,83.36939146201318,0.29403734,0.5253631,0.512955,0.25170544,0.5252475,0.50614494,0.25511515,0.5337092,0.5393775,0.24386042,0.54732126,0.4842758,0.24016806,0.586879,0.43763694,0.40947732,0.55280715,0.6371158,0.42861626,0.6859365,0.43747863,0.7208018,0.44813114,0.48536852,0.6698309,0.7017659,0.14793603,0.584272,0.39591274,0.3281917,0.666945,0.64432114,0.06246041,0.92212594,0.5928306,0.5874765,0.92410636,0.68496513,0.5067831,0.79969597,0.4379471,0.33247522,0.7389097,0.5274331,0.17922787,0.9049107,0.46001038,0.15216523,0.8993759,0.5237367,0.16393787
straight,4.569068296132681,51.176107601669315,53.36378987206772,46.13667791881802,97.88949254305737,0.26338884,0.55521977,0.54297423,0.21808907,0.5620796,0.48201078,0.21498077,0.56538934,0.4934197,0.22191569,0.5889417,0.5902078,0.22295213,0.61578196,0.34889403,0.3997112,0.5746592,0.6676554,0.4099158,0.6834408,0.20693164,0.7008561,0.46840188,0.77142394,0.6707901,0.61611146,0.17263769,0.5884842,0.39280948,0.4080169,0.6602824,0.5250488,0.098166026,0.91031146,0.5877364,0.44475886,0.9142064,0.6449984,0.40691027,0.7957293,0.43763468,0.090159364,0.7706396,0.5167367,0.16671896,0.9527756,0.43473038,0.10824212,0.91052836,0.48735476,0.20310682
straight,3.976029774926828,51.975847621396944,63.53604524448107,39.28860048336901,118.782962894322,0.26919276,0.5530649,0.52778727,0.22523981,0.56122774,0.5670068,0.22250867,0.56329244,0.5320291,0.2263799,0.59028286,0.5548136,0.22501628,0.61448836,0.357648,0.40198493,0.57801354,0.7378773,0.40367264,0.6793201,0.31913632,0.6803154,0.47041664,0.67737836,0.6475445,0.5981903,0.19772796,0.5905361,0.38843533,0.2970387,0.6609401,0.5250743,0.10030455,0.89177525,0.5889037,0.40322676,0.8957666,0.6453243,0.3492174,0.7838255,0.44434378,0.08501153,0.73277926,0.52976614,0.18189289,0.93912405,0.43515268,0.06813482,0.8995657,0.49591884,0.2123653
straight,3.4361291316784293,67.81651113694973,60.83215776718062,38.623381039344785,90.48976121891393,0.271773,0.55749017,0.5870186,0.22402391,0.5637178,0.5096014,0.22103149,0.5668246,0.5342956,0.22517483,0.59191054,0.5967683,0.22285299,0.6180858,0.36992848,0.39588624,0.581607,0.7018463,0.39955848,0.68319815,0.22091775,0.69500494,0.46897393,0.6484326,0.68433654,0.6136713,0.124243736,0.59337795,0.38309762,0.29529983,0.6627653,0.5219199,0.076989576,0.9074258,0.60109967,0.4276444,0.9139061,0.6568205,0.3506587,0.82530427,0.3754877,0.107416324,0.7337972,0.52745813,0.16102867,0.9399458,0.43611225,0.05569575,0.90792173,0.47524497,0.14526261
straight,3.6762620236594485,73.10936815876518,57.2860806444609,46.59080353635383,86.55162440764632,0.27265364,0.557015,0.53445125,0.22242817,0.5652885,0.5749279,0.22065234,0.5685069,0.5840307,0.22606097,0.5951013,0.6275656,0.22367439,0.6177906,0.36876836,0.395836,0.58413625,0.6897424,0.40079618,0.682893,0.1924005,0.69765276,0.4708953,0.7714622,0.6899757,0.62993723,0.14108819,0.59327483,0.3930374,0.22578827,0.6636772,0.5230755,0.08165918,0.9044082,0.58720076,0.37919676,0.9142709,0.65685016,0.3568631,0.8404535,0.3719197,0.19945566,0.7462751,0.49638104,0.11512868,0.94086087,0.35250732,0.05504955,0.9052796,0.4762387,0.1476529
straight,2.97916514555044,69.37997558891149,78.93366853952098,47.32531524950783,93.7839136442869,0.26945442,0.56137955,0.4242383,0.22326331,0.5672697,0.6596933,0.22001962,0.5718603,0.59993804,0.22589126,0.5945708,0.5854169,0.22031665,0.62076515,0.40539783,0.40138894,0.58539003,0.72221553,0.41347277,0.6898253,0.23631315,0.69747865,0.47197172,0.6481232,0.67148775,0.60995436,0.16739592,0.61186934,0.33510572,0.29010436,0.6481853,0.5122656,0.08650651,0.9057028,0.60473436,0.4442092,0.90868706,0.6599044,0.49398234,0.8289838,0.3744221,0.2091567,0.7453207,0.50287074,0.14377093,0.9562563,0.35064408,0.06109014,0.9093187,0.47602615,0.14051013
straight,3.074108608914727,80.75621572707968,58.522078506855586,55.77886963050336,103.34552961433359,0.26006225,0.56819206,0.49007085,0.21929479,0.5718953,0.54984504,0.2153235,0.57847196,0.51744664,0.22518295,0.59717095,0.5619373,0.22164878,0.62748605,0.4232561,0.39893413,0.5877913,0.7593726,0.40775937,0.68804175,0.333044,0.6971981,0.47570196,0.7790964,0.651496,0.6258978,0.17916879,0.59181744,0.39358982,0.32418463,0.6497941,0.52412623,0.09327662,0.8684928,0.60174227,0.4484757,0.8710567,0.6606832,0.45702535,0.8383011,0.37370512,0.103924304,0.7691383,0.5283424,0.1596399,0.937348,0.43581292,0.058224868,0.90224063,0.4843169,0.17794955
straight,1.7078889911228188,73.3930054244283,59.227657538685406,47.63248251686164,98.10995738908704,0.26351905,0.5703466,0.5486942,0.22429788,0.57359856,0.52250475,0.2190877,0.579887,0.5287947,0.219612,0.59823257,0.5150336,0.21493416,0.6346228,0.39187306,0.39213097,0.5930621,0.72623396,0.40175402,0.6905534,0.23277298,0.6957647,0.4755373,0.76296884,0.6659999,0.64239585,0.16594385,0.5929326,0.3949988,0.36974123,0.6613266,0.52176595,0.08202353,0.88718385,0.6033357,0.3956092,0.8905377,0.65926737,0.4276924,0.82433784,0.3754564,0.14584461,0.7243447,0.49894425,0.17304787,0.94497055,0.3525454,0.07558587,0.90383476,0.47069073,0.15201686
straight,2.5605742017095503,74.47237338877623,58.086285117052086,50.074842050842314,102.70875790820247,0.2604797,0.5744373,0.5459744,0.21900651,0.5784499,0.52457833,0.21655492,0.58334154,0.49358386,0.21920381,0.6018397,0.61401874,0.21492213,0.63672346,0.4377137,0.384731,0.5943989,0.7097583,0.39569688,0.7098376,0.28303257,0.69618577,0.47620144,0.780504,0.64662266,0.6441984,0.15370409,0.593488,0.39795405,0.3500548,0.6428988,0.53486127,0.08318303,0.8852712,0.60615844,0.38360876,0.88752806,0.66048545,0.40754184,0.8276843,0.37827268,0.1651454,0.72362924,0.50029314,0.1627999,0.945837,0.43918696,0.0604599,0.909273,0.49039942,0.1531555
straight,2.3743642702038046,68.7298986742772,58.56366069852262,55.399746320243466,95.70146876320047,0.26078784,0.57099986,0.5428592,0.22149317,0.5755114,0.60540915,0.21928638,0.5802434,0.6578165,0.22004865,0.60581344,0.6667479,0.21730971,0.6306712,0.44095173,0.3917906,0.5986554,0.5873572,0.41668352,0.70921755,0.2827721,0.6963471,0.4757119,0.6952399,0.66414326,0.6429979,0.1723939,0.59266007,0.3987613,0.33020195,0.6447861,0.52452815,0.08327827,0.92047894,0.61911,0.4145983,0.90974724,0.6738824,0.44542077,0.8387923,0.38260558,0.17693745,0.7720145,0.5019597,0.110125005,0.9375825,0.43949324,0.06429356,0.9265543,0.47126666,0.14376138
straight,2.416558674773665,68.39537649929747,57.762042376773245,52.57029947543066,93.96510490258899,0.27033427,0.57456905,0.48457345,0.22454934,0.57836497,0.5978721,0.22317573,0.58374625,0.5750684,0.22097889,0.60778224,0.66799825,0.21884125,0.63806003,0.44432783,0.39140856,0.6005525,0.6517297,0.40738356,0.70234,0.28220898,0.69740224,0.48101887,0.7580305,0.6692215,0.65853536,0.1603753,0.5972109,0.40708557,0.35374296,0.65724564,0.5348925,0.07571958,0.9241278,0.61587507,0.4359011,0.912318,0.67259043,0.4603185,0.83900976,0.38146898,0.23987721,0.7675264,0.5048568,0.10468233,0.95763874,0.3542831,0.069711424,0.92526335,0.46913418,0.103779875
straight,3.181441387515066,75.20860630960108,57.56649406083578,52.15582310602678,91.23529685738833,0.27021098,0.5772671,0.42749062,0.22848597,0.58140093,0.61059165,0.22630358,0.58652586,0.5421362,0.222275,0.6110147,0.5448085,0.2173156,0.6416395,0.41564584,0.39474198,0.60137856,0.639051,0.4116472,0.7059315,0.21938398,0.69871086,0.48253474,0.8121797,0.66450185,0.6552957,0.19152442,0.5967629,0.40788648,0.476127,0.645686,0.5495438,0.08162631,0.9076516,0.6071368,0.3962788,0.9079878,0.6735448,0.5091204,0.85342205,0.39200577,0.24734583,0.7693615,0.51728266,0.10110824,0.94349754,0.4377601,0.061384857,0.9058046,0.48594376,0.13569996
straight,2.700592656513431,75.12033294476784,58.861402304821816,51.71215450811026,96.86229356358997,0.2682968,0.5810188,0.52073467,0.22148919,0.5844505,0.6422096,0.21821955,0.5905182,0.5408337,0.21642876,0.61273813,0.5746714,0.2169756,0.6459528,0.4159463,0.39447093,0.60429657,0.6690271,0.40526375,0.70124406,0.2877785,0.6997342,0.48432827,0.8010151,0.67045987,0.6550278,0.16972262,0.5983637,0.40680614,0.49010807,0.66497415,0.5511685,0.08194924,0.91973656,0.6181468,0.45820013,0.90814936,0.67458874,0.5202622,0.8667344,0.395136,0.31423557,0.76889646,0.5162029,0.0951026,0.9343655,0.43577048,0.062220436,0.8979714,0.48893985,0.12688178
straight,2.1716718011694724,77.2272345678525,61.4172112809164,52.22284775235211,97.55232708486885,0.25508827,0.58404,0.6402966,0.21524426,0.58703184,0.49051744,0.2136268,0.5928374,0.4740444,0.21342644,0.6108543,0.5034446,0.2082876,0.6497256,0.33914793,0.38927862,0.6041511,0.68809205,0.40812045,0.70384336,0.26052034,0.6978659,0.48524055,0.80055547,0.6665698,0.65527683,0.16470079,0.5970798,0.39963576,0.48225242,0.660887,0.5500163,0.09809575,0.90781873,0.6080328,0.4993324,0.9079086,0.6836258,0.580358,0.86044806,0.39156762,0.2869477,0.7697581,0.51952976,0.10329633,0.9376085,0.35071746,0.030677978,0.9031937,0.48689458,0.12608379
straight,2.695504737787336,76.2091948720621,59.518855823759736,49.49798476411055,90.7625453139859,0.26076338,0.5830325,0.6399737,0.21992826,0.58577013,0.5052385,0.21739118,0.59251994,0.547897,0.21268378,0.6117651,0.5198038,0.21156582,0.651602,0.39054543,0.39522275,0.60312647,0.68381286,0.40892157,0.7066123,0.20691626,0.70005196,0.4854726,0.7423701,0.6642159,0.6572998,0.11791003,0.6016914,0.40747404,0.6348165,0.6476576,0.56499535,0.08878038,0.91682214,0.61581284,0.4851572,0.9059392,0.6838017,0.5464432,0.8696281,0.40111777,0.21291715,0.746528,0.5136284,0.09767565,0.93524957,0.4368249,0.029329518,0.8892765,0.49148765,0.10713872
straight,3.9886254409223145,74.1552818565584,60.10308971479511,53.618214418650695,77.74859656757792,0.2541492,0.58559316,0.51875746,0.21434388,0.5899206,0.541622,0.21388821,0.59616774,0.5647948,0.21266162,0.6178764,0.5665568,0.21092884,0.6498175,0.42643842,0.3943202,0.6051439,0.6783206,0.4007405,0.71995324,0.16348334,0.69976735,0.49089986,0.70401305,0.68679976,0.69781524,0.15812589,0.60629743,0.41358534,0.64649844,0.65118396,0.57892585,0.103517815,0.9285519,0.6205591,0.6050452,0.916417,0.69649166,0.5469527,0.8731278,0.40139505,0.3464933,0.77232116,0.518464,0.10872737,0.9409937,0.43867967,0.06973833,0.8975104,0.50622964,0.14409302
straight,3.62700133075137,73.71601873065654,60.139603906098,47.011604660929144,84.1573357450442,0.25818342,0.5904178,0.40561938,0.21871707,0.5928251,0.67418754,0.21582435,0.60152596,0.5296134,0.21388994,0.6201535,0.568267,0.20979524,0.6545057,0.38476855,0.39757305,0.6084497,0.68191713,0.41287753,0.7364984,0.26688376,0.6987088,0.49297848,0.6962749,0.67303556,0.70577246,0.16659918,0.6015559,0.41385493,0.5449843,0.6447727,0.5791072,0.09195307,0.9260087,0.6298861,0.5864939,0.9091148,0.70683956,0.5766465,0.87032384,0.405897,0.2883036,0.7503764,0.5557213,0.09922499,0.93683636,0.44168755,0.05727181,0.89083505,0.5080196,0.11047083
straight,5.746396361241588,73.65902080203279,59.653752059867486,53.78574529861277,82.94663007314608,0.25583088,0.590069,0.48922694,0.21684793,0.59456974,0.7160188,0.21583128,0.5998561,0.5427142,0.21353832,0.6259696,0.58471733,0.21082662,0.6527922,0.4085124,0.39730915,0.6073799,0.6988754,0.40798366,0.7429657,0.16177094,0.700312,0.49172089,0.70752436,0.6718105,0.71873176,0.15217367,0.6036471,0.41410738,0.57884485,0.6440278,0.5913257,0.082891546,0.9243209,0.6287456,0.5180224,0.9068866,0.71942604,0.5384741,0.868405,0.40480247,0.3560064,0.7770548,0.5586135,0.14670211,0.9364998,0.44190356,0.1002908,0.8912505,0.51821387,0.13255893
straight,4.638411064954334,75.89273854743708,62.090715744403845,40.71591877460491,81.67807952916712,0.26093507,0.5956321,0.5450883,0.21968979,0.59732693,0.66840506,0.2170603,0.60473734,0.5829968,0.21022499,0.62550193,0.5105595,0.20907459,0.65518934,0.41819325,0.39794093,0.6101927,0.7546259,0.40420878,0.7282754,0.24082254,0.69750375,0.49281946,0.6402341,0.6704764,0.7209942,0.12954164,0.6053955,0.41360864,0.41859278,0.6499725,0.60337067,0.06749919,0.9193274,0.6208055,0.45721713,0.8942821,0.69691724,0.51460767,0.86975956,0.40509343,0.113316305,0.70801055,0.5562723,0.14202663,0.9233756,0.43599057,0.041413486,0.88215274,0.5209653,0.09235868
straight,5.720014287152562,76.06689471089406,61.687645790913884,47.46023197618309,85.44576213950789,0.25770533,0.59701794,0.617441,0.21786651,0.5995361,0.53710294,0.21504742,0.60601735,0.5735234,0.21469629,0.6288014,0.5878946,0.210852,0.6566744,0.40502122,0.40046024,0.6100969,0.72741896,0.4039707,0.73081404,0.17358162,0.7006043,0.49263522,0.6418504,0.6871773,0.7199182,0.13625094,0.6081097,0.41415325,0.52618295,0.6739162,0.60800135,0.090096906,0.92374325,0.62472165,0.5101145,0.9047493,0.709552,0.5088963,0.876151,0.40703222,0.25673142,0.7525229,0.5571713,0.15296412,0.9303278,0.44181114,0.07097645,0.88087577,0.51787394,0.14907332
straight,4.414706220598652,76.00877663124642,63.14069340475322,49.234264330067184,84.71905733257522,0.25857365,0.5973521,0.6512387,0.21901457,0.6007576,0.600145,0.21801826,0.6075413,0.6446469,0.21395455,0.63185734,0.6108914,0.21064311,0.6639452,0.38845247,0.40071708,0.61736333,0.69594157,0.41010302,0.753617,0.23388769,0.7022517,0.49375525,0.60267484,0.6677507,0.73332375,0.11006358,0.6138241,0.41729054,0.4963962,0.6453906,0.603663,0.07143642,0.9278164,0.6336299,0.52987003,0.90696,0.70891374,0.50702274,0.8782351,0.4047639,0.16719268,0.70975155,0.5178516,0.16630891,0.92718184,0.44406566,0.07342192,0.8836464,0.51566166,0.14281836
straight,6.025016616927839,75.99754780025091,63.4072347069238,46.712838526254444,72.51163098374067,0.25217706,0.60198617,0.4208061,0.21244447,0.6059463,0.52681047,0.21102095,0.611423,0.49219498,0.20720467,0.63676554,0.55577564,0.20556897,0.66370815,0.39869332,0.3978064,0.6165432,0.6859075,0.40495765,0.73052084,0.26999214,0.70287937,0.4946189,0.74095815,0.68768114,0.7214879,0.102680594,0.61219066,0.41403708,0.6027953,0.6430671,0.5942208,0.09098473,0.92397904,0.63611525,0.6304122,0.90515083,0.7131869,0.48657867,0.87620825,0.40888023,0.19971551,0.7081845,0.5180813,0.15610139,0.93072665,0.44308087,0.04776367,0.889604,0.51561683,0.14333701
straight,3.7095397258478715,79.1843706330063,66.38275197732649,63.123720384665745,76.71446494610296,0.2561888,0.6039328,0.4295974,0.20834649,0.6087841,0.5384148,0.20266835,0.6146291,0.46635252,0.2082403,0.63724184,0.54357386,0.21103922,0.6744444,0.36991265,0.39936906,0.6247856,0.67671543,0.41859016,0.7536416,0.21552739,0.7002276,0.49578103,0.6816744,0.6909096,0.7235709,0.09914735,0.6124051,0.4133861,0.57518655,0.6454147,0.59571356,0.09119172,0.91886514,0.63335335,0.46024534,0.89989656,0.71189785,0.39180452,0.8800125,0.41006514,0.3883918,0.8069839,0.5622384,0.094576225,0.9284188,0.44053674,0.05882895,0.9032128,0.50211275,0.122558065
straight,4.442044196663639,78.689086295532,66.72144056769991,53.1664110654327,72.07698506571775,0.25489175,0.60259897,0.48100463,0.2142629,0.60811704,0.5732157,0.21129684,0.6137928,0.44041336,0.21261457,0.6401262,0.57002354,0.21344113,0.6748994,0.40723825,0.40372938,0.62520224,0.6232111,0.42257437,0.7518902,0.2874758,0.7007235,0.49543795,0.64556867,0.6906578,0.724149,0.093133375,0.61387086,0.4141066,0.5771735,0.6261276,0.5780532,0.078970596,0.9180393,0.6354279,0.46810007,0.90053314,0.7133213,0.4053049,0.87712735,0.40740687,0.3955508,0.7213461,0.5104098,0.08896095,0.92931455,0.4402895,0.06527026,0.9032272,0.5053771,0.12821716
straight,4.072337692829519,79.39946695034834,69.65131851406859,49.72441919547481,70.97550777902647,0.2589988,0.60515535,0.5246068,0.21490759,0.61013335,0.6073511,0.21174048,0.61567825,0.47996294,0.21302432,0.6411503,0.5902982,0.21200834,0.67660004,0.39971036,0.40142044,0.6276676,0.6669309,0.42436528,0.75073,0.31542155,0.6906316,0.49606735,0.5615789,0.71094626,0.72259665,0.104564704,0.61428714,0.4192302,0.5187931,0.6450243,0.5788174,0.08954467,0.91582674,0.63337964,0.45736018,0.9009502,0.7096185,0.49308833,0.8757582,0.4053094,0.26318166,0.7048942,0.5149663,0.10837334,0.9303591,0.4419914,0.057316795,0.8821956,0.5189453,0.12011076
straight,4.674779007875539,76.6024156927689,66.45093775581073,49.857730827695114,91.46924449683961,0.25944573,0.6054907,0.59073746,0.21629648,0.6108061,0.51983345,0.21399546,0.6165019,0.470546,0.21273033,0.6413995,0.55632496,0.2130402,0.6765017,0.39438707,0.40002435,0.6260044,0.64591503,0.42723703,0.7453491,0.39143956,0.69982326,0.49468714,0.68247616,0.66994613,0.68201655,0.13620068,0.6133779,0.41464725,0.6013158,0.6424206,0.5642487,0.096634425,0.92549366,0.64164275,0.49448052,0.90495145,0.69823587,0.52223474,0.8768468,0.40658966,0.2931575,0.7218509,0.5200209,0.093069226,0.928982,0.43821153,0.069184214,0.8976387,0.52816594,0.121332325
straight,4.145504142385949,76.35906288283053,71.63717552468229,59.50119978475525,90.50032069137077,0.2608353,0.6058099,0.5919231,0.21628855,0.6114692,0.5702151,0.21429282,0.6166281,0.5456546,0.21382056,0.64401263,0.5608591,0.21284804,0.6752984,0.38691577,0.40033895,0.6304235,0.6242682,0.42431375,0.74620384,0.33137983,0.69072187,0.49958116,0.71035695,0.6748533,0.68252426,0.1498083,0.6138122,0.4159966,0.6794125,0.6462894,0.56588626,0.1023116,0.9227418,0.6422403,0.48011887,0.90353054,0.71068966,0.43916494,0.87176037,0.40930015,0.2946146,0.80211866,0.5644351,0.101225466,0.92762035,0.44530174,0.0641764,0.89620113,0.5335561,0.09605483
straight,7.02442822867739,74.67507974296387,69.33891249162137,59.798060296651514,89.63999006351597,0.2578307,0.60653275,0.63912606,0.21389008,0.61450374,0.5999368,0.21353751,0.6183659,0.5805019,0.21014509,0.65277123,0.5213562,0.21322833,0.67547745,0.38988143,0.3966989,0.6296641,0.61171323,0.41319686,0.74692917,0.21403421,0.69683325,0.49568477,0.7393759,0.6634738,0.65346885,0.1616309,0.6135769,0.41160178,0.59853613,0.6251794,0.5528541,0.104055084,0.9311222,0.6433337,0.5240947,0.9055985,0.6988192,0.4730509,0.874422,0.41352615,0.28937662,0.80567074,0.5601756,0.12445049,0.9292168,0.4438521,0.08319274,0.8969058,0.52862734,0.14198917
straight,6.19486555048556,79.1727524812281,76.76362864774872,74.74869552183827,87.34462303066314,0.25606626,0.6043247,0.61560404,0.21568738,0.6128498,0.5922496,0.21427831,0.61619014,0.60969305,0.21030807,0.6518276,0.5491874,0.21258967,0.6767143,0.35101482,0.40285885,0.63081795,0.5332842,0.423714,0.7349778,0.26181555,0.68515205,0.4996337,0.5541068,0.6630085,0.6563253,0.16352947,0.61482257,0.4101359,0.6460852,0.6215187,0.54739064,0.086043864,0.9252982,0.6332603,0.4861095,0.9043391,0.69920945,0.522857,0.88284343,0.40551272,0.47777736,0.84166694,0.5223018,0.07499234,0.93225026,0.43787882,0.11040936,0.9192426,0.49849334,0.1002335
straight,4.74421263793596,75.0209195413983,71.85866489908746,70.0551056374214,92.5511532915588,0.2577287,0.60608006,0.6507195,0.21600008,0.61312485,0.5858126,0.21490884,0.617633,0.6539852,0.21458338,0.6471089,0.52478486,0.21170685,0.67376643,0.33770457,0.40408522,0.6312998,0.6162991,0.409068,0.7365169,0.20787969,0.69578755,0.496761,0.6002339,0.67224115,0.6506229,0.18090594,0.61645633,0.41139466,0.59227115,0.6459875,0.55611163,0.097191535,0.9444604,0.6459563,0.47844896,0.9184076,0.69895524,0.47516558,0.8869247,0.40492135,0.4983846,0.83892274,0.521784,0.119284414,0.931173,0.44184002,0.11489686,0.905693,0.5002106,0.15104997
straight,6.57633696962764,76.25408287528742,74.9803550479176,69.27949667603143,89.43580155827843,0.25457412,0.60747147,0.63060844,0.21138339,0.6149451,0.59411883,0.211366,0.6192671,0.5451992,0.20813897,0.651828,0.5122167,0.21273354,0.67752415,0.40657616,0.3993761,0.6296657,0.5836328,0.40382668,0.744231,0.2866902,0.6858256,0.4966959,0.47037277,0.6742048,0.6790178,0.16288376,0.61903876,0.41687742,0.63798726,0.64596415,0.5667903,0.09038924,0.9424522,0.6437513,0.4512716,0.90581554,0.6962817,0.42191315,0.891535,0.4094417,0.45300326,0.8208728,0.52347827,0.11023619,0.9304208,0.44136724,0.12884197,0.9013386,0.50465626,0.14939226
straight,6.543194957193019,74.80131529920405,73.95431720060911,53.44884621780189,83.69212473048546,0.25799882,0.6090693,0.6046607,0.21358761,0.61568904,0.5949527,0.21314679,0.6208416,0.54547584,0.20877466,0.6497291,0.4708241,0.21507315,0.68500537,0.38823134,0.39927673,0.6277643,0.61514866,0.40247256,0.7435487,0.3190603,0.68923974,0.4951284,0.5702711,0.68800086,0.6650183,0.13813426,0.6163568,0.4101729,0.6348402,0.648322,0.56523883,0.101391956,0.9447636,0.64126134,0.45433348,0.9229723,0.69616336,0.45136642,0.8877548,0.40883556,0.34723946,0.80453175,0.5634755,0.1144754,0.93222165,0.4422588,0.10498718,0.91455126,0.50628495,0.12347319
straight,6.110912969338543,74.36730458877393,74.81770775321209,51.082458877959276,77.22700234142073,0.25849807,0.60809547,0.6347581,0.20621234,0.61542445,0.5485013,0.21244507,0.6191312,0.5032739,0.20580697,0.6491029,0.51161337,0.21449459,0.68277407,0.35236546,0.39166963,0.6291,0.5279178,0.4132768,0.73381394,0.25070906,0.68576187,0.49477005,0.41488132,0.7149443,0.6918819,0.15941894,0.6196223,0.4151933,0.5181263,0.66831326,0.56838816,0.101407506,0.95462847,0.63956213,0.41606417,0.9291479,0.69549835,0.40204197,0.8935868,0.40468222,0.36457136,0.80528325,0.56343573,0.08741832,0.9354581,0.43971682,0.13495192,0.9161606,0.50738126,0.11522728
straight,5.707030749289738,75.0312809383692,73.02850554918139,50.652518960274485,80.71592444116577,0.260727,0.6090388,0.59916365,0.21568613,0.614385,0.58926576,0.21582864,0.6204397,0.5641903,0.2138496,0.6461525,0.4703419,0.21790418,0.6827386,0.39704826,0.39917094,0.62753516,0.55387276,0.4192154,0.73390365,0.30118188,0.6904294,0.4946065,0.5818681,0.6912789,0.6655686,0.14841771,0.61759615,0.4122927,0.63172305,0.64707696,0.5633436,0.10132162,0.9524209,0.6278103,0.46634275,0.92589176,0.6964197,0.4737571,0.892357,0.40270978,0.3319984,0.800735,0.5648934,0.08863107,0.9362492,0.43918347,0.11956177,0.9194941,0.50570935,0.10837047
straight,1.9349662413164341,76.87116997623056,156.9935546209879,67.93029525833296,120.17503740944065,0.22709922,0.65344155,0.5361413,0.18530522,0.6650145,0.6554329,0.18748996,0.66668946,0.58199793,0.19519393,0.715105,0.57628936,0.19818547,0.72967356,0.5174532,0.3954907,0.70830303,0.7082849,0.4153502,0.7589996,0.564901,0.57307315,0.5609361,0.08342096,0.62553984,0.6634649,0.17460352,0.6401698,0.43097177,0.18085985,0.6431468,0.48807088,0.110813685,0.9647697,0.7133057,0.28213072,0.9362692,0.7431087,0.25213486,0.9021475,0.43373075,0.34820905,0.8421544,0.52989316,0.19353822,0.92811674,0.5222593,0.040948983,0.90550804,0.5452587,0.13727538
straight,3.2243589160041273,76.69997811487337,150.72677409523115,68.20055901360121,130.64530759572,0.2180146,0.6557149,0.6503906,0.17737308,0.6708483,0.7214154,0.17828521,0.6699467,0.72315586,0.19428319,0.7192939,0.6652623,0.19522354,0.7288128,0.5553402,0.39448807,0.70795673,0.7296426,0.39916202,0.75005984,0.57743096,0.598756,0.5355241,0.084712476,0.5959288,0.6361193,0.2296423,0.6377022,0.43167496,0.11254668,0.627856,0.4650508,0.1975283,0.969567,0.70666593,0.37996864,0.9353711,0.73030156,0.3449408,0.9044711,0.4340261,0.35588336,0.8457483,0.5281489,0.13745835,0.93832767,0.48670655,0.03163116,0.90386987,0.554825,0.12726413
straight,2.6077071066598263,78.37986997142717,157.15579893453238,68.80108973599623,121.17137076404873,0.22394615,0.6558102,0.5825975,0.18314666,0.6691904,0.68435293,0.18386929,0.67039347,0.64345306,0.19462004,0.7174411,0.6592162,0.19544482,0.7288871,0.5344063,0.39870736,0.7080978,0.71574503,0.41418803,0.7641519,0.5997899,0.5827753,0.54663867,0.12319586,0.62145704,0.66267127,0.18784374,0.6387219,0.43141857,0.12193092,0.6380136,0.47659454,0.14406635,0.95925826,0.71129644,0.31005266,0.9298353,0.75609636,0.28995645,0.9037196,0.43318063,0.25755692,0.84133434,0.53807837,0.15422736,0.927778,0.5214415,0.043383244,0.9040402,0.557667,0.15687771
straight,2.6431282316040794,77.26677453295771,145.05061368738376,70.64200330223309,120.19326035414625,0.22539082,0.65455014,0.49935904,0.1841151,0.66689867,0.6843377,0.18422644,0.66849434,0.6175688,0.19623457,0.71756905,0.6563455,0.19689578,0.7305135,0.4989683,0.39975402,0.70812494,0.7114191,0.41930634,0.76742035,0.6260267,0.58088577,0.5485862,0.09661236,0.6279443,0.66475475,0.14567216,0.622767,0.3764875,0.07293668,0.64101684,0.47746164,0.119382456,0.9635143,0.7121952,0.32393155,0.9345678,0.74335665,0.31264606,0.90216756,0.43129435,0.3445982,0.8477012,0.52869815,0.17952013,0.9486551,0.50062054,0.036584876,0.9073619,0.5453872,0.14957303
straight,2.0551863411250824,76.81503265144224,158.6385510410721,71.46591536143339,123.69061773751625,0.23906657,0.65369076,0.38783246,0.18750033,0.6658541,0.5695992,0.18932992,0.66879016,0.476424,0.19378439,0.7159061,0.55444014,0.19714814,0.73730505,0.49207354,0.39786583,0.7085448,0.67216575,0.42440784,0.77890444,0.59731925,0.5785412,0.54988426,0.09457027,0.62618995,0.6643026,0.13682733,0.6400389,0.43099186,0.24966133,0.63803476,0.49890813,0.100633696,0.9638605,0.71149105,0.32613468,0.9338113,0.7438764,0.2937118,0.89956844,0.43047768,0.42374885,0.8454459,0.53020287,0.18018529,0.9348595,0.48600832,0.029275343,0.9039063,0.5397291,0.1321203
straight,4.014133132831634,76.9590130391461,155.54447534705633,70.43242577774042,127.08399232096198,0.23567978,0.6551344,0.50843084,0.18607067,0.6682858,0.70897365,0.18692248,0.6696757,0.63399935,0.19439813,0.71661603,0.65188235,0.19561005,0.73177975,0.4551034,0.39580464,0.7024089,0.723562,0.42568737,0.78098804,0.63943976,0.5891969,0.5388473,0.11387822,0.6228256,0.6634655,0.1736661,0.641221,0.42889687,0.2138824,0.6432933,0.47756657,0.12686978,0.96178114,0.6981434,0.37842408,0.932294,0.7312674,0.29795584,0.8981346,0.4324808,0.4240601,0.84250104,0.540213,0.17442526,0.934304,0.4860719,0.025293821,0.9027893,0.55910224,0.12161573
straight,4.414751754521727,77.05985395205217,156.0066742481911,71.65971514894333,109.18731527936463,0.24226557,0.6534917,0.38500658,0.18963395,0.6655961,0.50643736,0.19566642,0.6682448,0.42863688,0.19515793,0.71607274,0.5988042,0.19860584,0.73773307,0.42816755,0.395016,0.7005624,0.6613046,0.42512056,0.78032976,0.6338797,0.5804775,0.5476491,0.11708322,0.6478803,0.6888882,0.1557234,0.6378632,0.4325562,0.25800055,0.6375704,0.5003819,0.08482229,0.9603847,0.69891083,0.3506042,0.9323587,0.7419679,0.27945098,0.8985046,0.43315506,0.4571029,0.84372926,0.5297312,0.18485837,0.9358674,0.4871769,0.027489321,0.90343606,0.53984183,0.119824775
straight,3.62116703960418,78.32640325060432,156.08453840472924,71.65993371499677,121.0274723386149,0.24505892,0.65317893,0.39548814,0.19422269,0.6636743,0.48370853,0.19956836,0.6679031,0.47748142,0.19644181,0.7132322,0.5927073,0.19977328,0.7376673,0.44263953,0.40082276,0.70023054,0.6540245,0.4289537,0.7949061,0.5602137,0.5893875,0.5377328,0.10948234,0.6434474,0.6666161,0.13443139,0.63955563,0.43174988,0.23481417,0.6439277,0.474943,0.08736649,0.9573045,0.68681383,0.36248347,0.9327845,0.730941,0.30756828,0.89875555,0.43431106,0.46170408,0.84183216,0.5409002,0.18763743,0.93178713,0.48754668,0.018002365,0.8996982,0.5423247,0.09810024
straight,4.298559204921345,77.607266293272,158.30034739412974,71.1662134908424,127.2388463698245,0.24210232,0.6543933,0.45042098,0.19255506,0.66630185,0.5488459,0.19280933,0.6699441,0.4529328,0.19744538,0.7155625,0.65582126,0.1981524,0.73881644,0.48928142,0.40050837,0.7002198,0.6741972,0.4240231,0.7853463,0.60920906,0.58617646,0.5362998,0.12658894,0.62336373,0.66414285,0.15313561,0.63965344,0.43070903,0.19404827,0.6430528,0.47485447,0.09612837,0.95689505,0.6986775,0.37654403,0.9305732,0.73179954,0.3135543,0.89761966,0.43243757,0.4616506,0.8380116,0.5321011,0.20474482,0.944581,0.45454317,0.020522725,0.8989469,0.54696655,0.11426543
straight,3.8707875122914417,78.10158074388417,145.26244517430254,72.10123906746047,116.6937956300462,0.23818487,0.6566061,0.3110371,0.18866031,0.6680697,0.45221886,0.18324213,0.67250466,0.38625786,0.19373396,0.71473205,0.49819604,0.19636106,0.7423367,0.42562154,0.4022467,0.70055044,0.602308,0.43463728,0.7969123,0.6330928,0.5847283,0.5398621,0.070702374,0.6474417,0.68955076,0.12939684,0.62426853,0.3800418,0.050620496,0.64718646,0.5009123,0.08075064,0.95873284,0.69835055,0.2944518,0.9338809,0.7560886,0.27585483,0.901348,0.4312409,0.34076253,0.84341633,0.5384778,0.18019372,0.9329683,0.4859465,0.019518783,0.88275117,0.5416018,0.08454622
straight,4.7185263516144245,76.87242673103785,143.94338538141133,74.16250819670027,129.10051005075985,0.23357771,0.6572733,0.45443058,0.1869969,0.6685266,0.6173021,0.18784854,0.67128867,0.5431822,0.1966812,0.7180313,0.7008682,0.19584143,0.7378103,0.48523358,0.3982639,0.7013058,0.6815622,0.42583865,0.7974507,0.572596,0.57842374,0.5540294,0.09658202,0.6261554,0.6652585,0.144751,0.6246642,0.37749752,0.05159912,0.6451589,0.47416136,0.114755675,0.96001977,0.71084887,0.35948387,0.9315746,0.74656975,0.36831266,0.8995015,0.4298567,0.44508117,0.846473,0.5314364,0.22275513,0.9364201,0.48500785,0.02047461,0.9032408,0.5491733,0.115523756
straight,4.212102733076119,77.74111068024759,156.95910314681436,73.47115644891159,132.37202039903423,0.23260042,0.6582946,0.37698784,0.18552981,0.6699876,0.54345995,0.18126786,0.6721905,0.48968548,0.19532385,0.7190856,0.6642521,0.19422351,0.737856,0.46949103,0.40539777,0.7035336,0.64885175,0.4272473,0.79613703,0.5589858,0.5797564,0.5522739,0.12198586,0.6256534,0.66444004,0.14419869,0.63910615,0.43067938,0.23847707,0.65105474,0.500297,0.08272523,0.958094,0.70987576,0.30776837,0.932193,0.7582548,0.316168,0.90047926,0.4292348,0.32862422,0.8477024,0.53605694,0.17048179,0.9387125,0.48449612,0.024252571,0.87114096,0.5460348,0.11519145
straight,4.816502546390391,78.1914523729832,156.48738296197658,74.1400641950876,120.99547973254258,0.22168288,0.6600231,0.37248674,0.18316516,0.67030257,0.50022167,0.17915794,0.67419046,0.48553696,0.19263068,0.7178039,0.58126616,0.19276953,0.7421805,0.42875412,0.4032367,0.6999651,0.58179736,0.43101567,0.8107366,0.58004755,0.5809496,0.5475797,0.11904315,0.64379275,0.69201547,0.13048086,0.6370996,0.4318144,0.22166461,0.6499878,0.49872208,0.08201424,0.9559357,0.6998033,0.35525155,0.93352336,0.7581926,0.33142817,0.8997896,0.43163887,0.32628495,0.84474534,0.5365605,0.14369175,0.9312675,0.48536596,0.016286457,0.86725974,0.54678994,0.100952804
straight,4.7286066151814845,78.47555409150988,141.5637474745789,72.99582309400289,115.46963812794883,0.22466907,0.6606938,0.35125965,0.18683434,0.67137766,0.43402863,0.18164194,0.67471236,0.44987825,0.19487083,0.71881956,0.5884324,0.1937936,0.742624,0.4129686,0.39594555,0.70210046,0.6428274,0.4227097,0.79572034,0.61054105,0.58189905,0.5533752,0.112033255,0.64481366,0.69163346,0.12701422,0.6225637,0.37598038,0.053965297,0.64611197,0.48497277,0.081650786,0.95473146,0.7103732,0.32698777,0.9316639,0.75768214,0.32319582,0.9016759,0.42894492,0.2995882,0.8466892,0.53949034,0.1315568,0.95020956,0.4344514,0.015653826,0.8701769,0.54893404,0.09267991
straight,5.337093489896408,77.81689845927804,142.1489034411522,76.02741621749138,137.1597234600247,0.22597222,0.66110224,0.36236084,0.18604168,0.67113256,0.43414545,0.1812952,0.6745456,0.4050709,0.193589,0.7195154,0.56078553,0.19452718,0.7487189,0.42976284,0.40043208,0.7000911,0.5639378,0.4353797,0.81278574,0.56414765,0.5818015,0.5529666,0.10887456,0.6468369,0.69277817,0.121428795,0.6229939,0.37595809,0.05502852,0.6965523,0.53590024,0.07813888,0.95637786,0.7103901,0.31085977,0.9332262,0.7593743,0.32479894,0.9015791,0.43164006,0.4078747,0.8520037,0.53737694,0.17194574,0.94696856,0.45476714,0.017475994,0.88482636,0.54268855,0.09018827
straight,5.6339950959126925,77.59540908487287,143.45536836521393,76.62074109031205,135.03796617549526,0.23066846,0.6614015,0.40914533,0.18917452,0.67126316,0.44263557,0.18449223,0.6750948,0.44871753,0.19588767,0.7184294,0.61745054,0.19616154,0.7429111,0.42777893,0.39676136,0.69850963,0.58687997,0.43869334,0.81169194,0.53563124,0.57828283,0.5506143,0.103460535,0.64962864,0.6926848,0.12084915,0.62331367,0.3737424,0.06783948,0.6930934,0.5370829,0.07961707,0.9582871,0.70070755,0.3394086,0.9328856,0.7481623,0.31311288,0.899907,0.4302391,0.5640078,0.85083795,0.5310822,0.22640571,0.9538963,0.43579727,0.017091257,0.9008647,0.5445472,0.08768362
straight,4.878987881258575,77.1402042974482,142.40320504433015,74.97996572713491,130.2933069666542,0.23176533,0.6614422,0.4539615,0.19151321,0.6710535,0.4635938,0.18631968,0.67498404,0.50211245,0.19846278,0.7171785,0.6853084,0.19651747,0.74039,0.45625094,0.40263125,0.69965976,0.5764879,0.43025196,0.8092875,0.5568196,0.58226466,0.5530686,0.11179819,0.62556165,0.6752669,0.15636224,0.62367344,0.37633798,0.062529385,0.64385164,0.49631044,0.088121176,0.9575233,0.71266943,0.38804412,0.9305531,0.7611581,0.38720512,0.90049285,0.4327739,0.29555467,0.84685564,0.53747797,0.1503125,0.9377179,0.486581,0.020651013,0.90165204,0.5490541,0.118732885
straight,5.0485407981277755,77.18611682904903,141.901459347901,74.18409842466669,130.52471377573426,0.22720766,0.66359335,0.46145776,0.1834049,0.6725887,0.51016873,0.18261656,0.6772335,0.5232134,0.19621705,0.7179669,0.660427,0.19499539,0.742091,0.4233649,0.40111086,0.69977164,0.5623812,0.42851362,0.8098919,0.57900465,0.58122504,0.55308837,0.10158684,0.62448376,0.6776479,0.13095327,0.621238,0.37614772,0.060559176,0.6450907,0.49713466,0.090080045,0.95767516,0.71383065,0.34791008,0.9334749,0.7710767,0.37541622,0.9009194,0.43151098,0.34620255,0.84743786,0.537379,0.15292887,0.9487743,0.45330325,0.021512873,0.9010012,0.55047745,0.11421882
straight,5.171955379351792,77.86598702884292,154.50862251791054,73.79464786838173,136.06989847605746,0.23101008,0.66408557,0.4370527,0.18637517,0.6725147,0.5143649,0.1856948,0.67741203,0.4809305,0.19723722,0.71797234,0.6665639,0.19723211,0.7424814,0.41880944,0.40024823,0.6995012,0.54568124,0.42308015,0.80842876,0.5901925,0.5771414,0.55602753,0.10156563,0.6255169,0.6938427,0.1116145,0.6356422,0.43317935,0.23645583,0.66913646,0.54713637,0.07154385,0.956233,0.71203035,0.35718793,0.9325994,0.77137965,0.36292055,0.90236056,0.43077,0.32551104,0.8458268,0.53760856,0.1552708,0.9490845,0.45384607,0.018402923,0.90044916,0.54983157,0.11835022
straight,4.887934218218571,77.97578914994006,154.0494698811456,72.22298035922677,127.61193862304728,0.22244185,0.66453594,0.4912108,0.18053345,0.6738459,0.5401025,0.18018779,0.6782567,0.53788865,0.1934317,0.71963185,0.60078436,0.1924722,0.7429802,0.40544745,0.400949,0.70179284,0.5739788,0.41897207,0.7993309,0.5932182,0.57821095,0.55699486,0.092052534,0.62092817,0.6782111,0.13004194,0.6364435,0.43099985,0.24606028,0.64209425,0.49692497,0.0881381,0.95888734,0.7127645,0.32142442,0.9339392,0.77107346,0.33195186,0.9047241,0.43143708,0.25749224,0.84555334,0.5398296,0.16344573,0.93737286,0.4841567,0.020329148,0.88526106,0.55930954,0.1340539
straight,5.044981939720928,78.03969239981468,152.7486057122033,72.58224147938027,126.32619649292741,0.22634998,0.6650438,0.4658889,0.18387368,0.6727886,0.49236333,0.18342537,0.67807955,0.46342495,0.19472568,0.7185185,0.6175314,0.19366315,0.7467077,0.3861105,0.39471406,0.7007715,0.6093053,0.42396122,0.8070032,0.627612,0.5807116,0.5540649,0.118800305,0.6227411,0.6929843,0.12524933,0.63656837,0.4314066,0.07346346,0.64358985,0.5096526,0.072758295,0.9579281,0.71165437,0.33920857,0.93354785,0.769926,0.34539267,0.90409076,0.43084922,0.2926835,0.8420776,0.53865355,0.15486948,0.950621,0.45194313,0.020993322,0.8993947,0.55168927,0.13498507
straight,5.009334301258493,78.33138928869842,153.64482215395736,71.70136564250207,141.34234006244375,0.22718501,0.6617417,0.44646108,0.18433899,0.6711618,0.4668932,0.18337767,0.6756061,0.5078953,0.19784608,0.7192364,0.69884014,0.19631034,0.7410301,0.45680353,0.39386636,0.70196503,0.6173638,0.41755366,0.799107,0.5808223,0.58004403,0.55384326,0.11602788,0.62201893,0.6926145,0.13723591,0.63727427,0.43188754,0.22168872,0.69094026,0.5365724,0.07195298,0.9555046,0.713507,0.32255748,0.9321298,0.77020496,0.333579,0.9028076,0.42893884,0.24021663,0.8412678,0.5396962,0.17157431,0.93178123,0.4976577,0.02298225,0.88521165,0.5572564,0.16463014
straight,4.804683420182849,78.10403961198539,154.1771534374898,63.651277365968355,133.92155809527836,0.22599642,0.6632687,0.4929156,0.18306397,0.6724357,0.5403907,0.18275106,0.6760756,0.55283475,0.19564879,0.71941066,0.67253333,0.19649057,0.74009746,0.4626953,0.39742297,0.70236206,0.64860564,0.4245795,0.7958906,0.6076681,0.57587457,0.56142753,0.1174897,0.60394704,0.6750459,0.14902787,0.6377446,0.4338796,0.2079737,0.63743407,0.4842034,0.089056686,0.9569428,0.7146248,0.3446472,0.9291893,0.7714984,0.37103292,0.90350336,0.4301839,0.2039039,0.8119041,0.56091833,0.16079779,0.92880505,0.5142683,0.025381824,0.8859922,0.55532694,0.16641864
straight,4.461473830609026,78.35973457375398,154.78486268870253,67.65345403089401,136.72496825897505,0.22615248,0.66281,0.44406286,0.18345195,0.67076737,0.50824547,0.1834322,0.6756904,0.5254823,0.19431208,0.71799415,0.64442587,0.19507718,0.74135625,0.43971884,0.40056235,0.7018176,0.62587374,0.42479557,0.79508847,0.6282806,0.57911384,0.55601853,0.0802352,0.6040441,0.6737972,0.14816116,0.6381984,0.43242827,0.17375986,0.6408367,0.5097361,0.08343831,0.9549465,0.7134275,0.34813645,0.9144966,0.7702222,0.3528283,0.9028317,0.4306035,0.17524156,0.8150737,0.5594484,0.13854688,0.9386103,0.48267704,0.021308616,0.8893409,0.5509994,0.12875636
straight,4.545394872080974,77.57956304599844,155.7256256242234,73.40293651948149,150.89302089962928,0.22748905,0.6613265,0.35075524,0.1860612,0.67078805,0.4701798,0.18240349,0.6741388,0.4320903,0.1933657,0.71924603,0.61761385,0.19438617,0.74288374,0.410067,0.39511448,0.7031237,0.6555821,0.43489975,0.8080129,0.58835745,0.57675517,0.5578411,0.115592256,0.62275404,0.67684525,0.13195592,0.6397031,0.4346795,0.2109134,0.6921054,0.5344563,0.07955001,0.9593863,0.71632355,0.30484986,0.9313408,0.7731225,0.34939477,0.9037845,0.43240434,0.22517763,0.84320617,0.5388584,0.18878108,0.9300972,0.4986937,0.023144476,0.8882654,0.56053317,0.1381115
straight,3.5548705603908437,78.429518616504,158.40535472242954,68.42146099173776,141.25563764111962,0.22787023,0.6603819,0.38222906,0.18454634,0.6708621,0.46271285,0.18403634,0.673922,0.48288625,0.19738059,0.7207371,0.65344626,0.19659266,0.73977953,0.4454888,0.3981812,0.7081978,0.65389496,0.42457113,0.7978724,0.613292,0.57842004,0.55212814,0.11481487,0.59898555,0.6561635,0.15991747,0.6399596,0.4339919,0.25136107,0.6358337,0.48519006,0.10129435,0.9534508,0.72441995,0.34755924,0.9107165,0.7606742,0.3566242,0.9024613,0.43217474,0.1372118,0.8139491,0.56186765,0.14494577,0.9108457,0.5239386,0.033513382,0.8912115,0.55832076,0.14114968
straight,3.484002573366046,78.51775783039139,158.71996689597867,76.810483745455,141.2823163600177,0.22966048,0.6605456,0.36205974,0.18640873,0.67101383,0.45216382,0.18662757,0.6737384,0.44381943,0.19749837,0.7205673,0.65646446,0.19876324,0.7397867,0.41249022,0.39448935,0.7085116,0.6529846,0.43606266,0.8066646,0.6005899,0.5744937,0.5552601,0.09108618,0.6042074,0.672956,0.15864131,0.6398082,0.43400708,0.2595664,0.6409285,0.51120484,0.08622378,0.95451975,0.71247005,0.33468235,0.9151208,0.7684486,0.3098324,0.89950943,0.43149,0.1968299,0.8417748,0.53932303,0.15409005,0.90596974,0.5244186,0.030159106,0.87181616,0.5485737,0.1380496
straight,4.814916852897228,78.59717243987113,156.91432442661574,69.92018891074613,143.24678804834008,0.22736979,0.66038513,0.3704433,0.185602,0.6714105,0.5245148,0.18462485,0.67397326,0.5182733,0.19805929,0.7213513,0.66950727,0.19805215,0.740133,0.4337668,0.40065372,0.704197,0.6302976,0.4348054,0.810702,0.57876897,0.57929105,0.5542073,0.09660597,0.60535985,0.67308456,0.14856704,0.64040095,0.43373448,0.20162067,0.6466993,0.5114614,0.080676354,0.9519643,0.71391934,0.3355289,0.914051,0.77013916,0.3359267,0.9001422,0.43135497,0.17564309,0.8165099,0.5601751,0.13880163,0.9193524,0.4852739,0.02248861,0.8855119,0.5501498,0.13496609
straight,3.6360145151032435,79.47629974832181,158.51747910784445,65.50821455599807,127.22565044434805,0.21842909,0.6599807,0.33314833,0.18159616,0.67137367,0.45600292,0.18149774,0.6733614,0.44475788,0.19806603,0.7220931,0.592886,0.19871478,0.7410592,0.41257378,0.3958285,0.7094607,0.6739392,0.43547627,0.80840534,0.6005367,0.5787195,0.55233157,0.07989537,0.6239276,0.691854,0.13292848,0.6414232,0.4336558,0.20301329,0.64128757,0.5112383,0.07437893,0.95219195,0.71322113,0.33623663,0.93061054,0.7705547,0.33059353,0.90183914,0.43157983,0.19358842,0.8151373,0.561058,0.14197674,0.9315977,0.49808508,0.024030168,0.8994009,0.55290884,0.12382637
